7.257354187808051638e-02,-4.682267455417580271e-01,9.782727739124593702e-01,3.848701079585173268e+00,1.910095103064315181e+00,2.051532038716370465e-01,7.670494782219711150e-01,-6.049034547958994645e-01,1.662685160476103707e+00,1.516139523035652914e+00,7.894175759310980700e-01,3.526819793071603315e-01,-3.791384766379880204e-03
-4.605361437189622875e-01,-4.682267455417580271e-01,-8.946618237687444797e-01,-2.598279209846530158e-01,-3.571921983051832838e-01,-5.278058237150579091e-01,-3.728136813752863099e-01,8.803533076814107350e-01,-5.127442261348462704e-01,-1.076947644928266223e+00,7.894175759310980700e-01,3.963992889234830841e-01,-3.725129645356173302e-01
-4.311370768818147403e-01,-4.682267455417580271e-01,-5.769448006144581864e-01,-2.598279209846530158e-01,-5.528012988154931140e-01,-2.522132293424597105e-01,-9.500055360758083989e-01,7.852621052216920416e-01,-5.127442261348462704e-01,-7.073447227976623619e-01,5.109291073595482180e-01,4.227304638797115821e-01,-6.910000406130024919e-02
-3.768768012593460282e-01,-4.682267455417580271e-01,-4.666868382412811544e-01,-2.598279209846530158e-01,-1.526917750444048150e-01,-4.486462487356944751e-01,-2.929506574544595288e-01,4.469265561384948571e-01,-6.272405096406857838e-01,-5.900104618038198856e-01,1.160735534026499538e+00,4.227304638797115821e-01,-6.854500986571105958e-01
9.799362702957381543e+00,-4.682267455417580271e-01,9.782727739124593702e-01,-2.598279209846530158e-01,1.100984732771670860e+00,-4.369189042943073531e-01,1.093761848807172310e+00,-9.404688935111087389e-01,1.662685160476103707e+00,1.516139523035652914e+00,7.894175759310980700e-01,-4.370425283535237071e+00,9.962468481870875303e-01
2.997126045780439618e+00,-4.682267455417580271e-01,9.782727739124593702e-01,-2.598279209846530158e-01,1.225463251278230636e+00,-1.328197081839727955e+00,9.485563507693051122e-01,-9.881338960499328472e-01,1.662685160476103707e+00,1.516139523035652914e+00,7.894175759310980700e-01,4.227304638797115821e-01,8.805961681856659951e-01
1.535966461451979459e+00,-4.682267455417580271e-01,9.782727739124593702e-01,-2.598279209846530158e-01,5.230487539912099804e-01,-3.818919328714492911e-02,6.581453546935707166e-01,-8.694967554623183048e-01,1.662685160476103707e+00,1.516139523035652914e+00,7.894175759310980700e-01,2.516408199057467154e-01,-2.556092453135333509e-02
-4.519699072181753152e-01,-4.682267455417580271e-01,-1.060048767328509944e+00,-2.598279209846530158e-01,-4.016488120575264498e-01,2.359374830302793935e-01,5.165699941066500545e-01,-5.375133560160586521e-01,-5.127442261348462704e-01,-6.545443053504331754e-01,-8.815132354982060381e-01,4.050923562535299061e-01,-5.793235923028651202e-01
-4.597782055700413983e-01,3.070574348470632486e+00,-1.158700628399247368e+00,-2.598279209846530158e-01,-1.397476960110011879e+00,5.123180807843177170e-02,-1.890211135870998760e+00,1.356286925215862915e+00,-6.272405096406857838e-01,-4.140090703130561156e-01,-1.113586959307831803e+00,4.227304638797115821e-01,-1.173904147133701947e+00
6.214386628188040690e-02,-4.682267455417580271e-01,9.782727739124593702e-01,-2.598279209846530158e-01,8.875929867604238632e-01,-4.442484945701741794e-01,5.383508188123303784e-01,-4.299566569003951955e-01,1.662685160476103707e+00,1.516139523035652914e+00,7.894175759310980700e-01,-4.300376798962686209e+00,5.241199545342257737e-01
1.535966461451979459e+00,-4.682267455417580271e-01,9.782727739124593702e-01,-2.598279209846530158e-01,1.287702510531511191e+00,-2.015712649716048244e+00,1.093761848807172310e+00,-1.042246569272866852e+00,1.662685160476103707e+00,1.516139523035652914e+00,7.894175759310980700e-01,1.206148775398238338e-01,2.356843083497927260e+00
-4.072194522376915149e-01,-4.682267455417580271e-01,-7.481347948254435387e-01,-2.598279209846530158e-01,-4.549967485603382267e-01,1.330978270244801642e+00,3.641042211668898965e-01,-2.655649347173963393e-01,-1.692553756173278690e-01,-5.900104618038198856e-01,-5.101952774028062354e-01,1.100320129641142453e-01,-9.439633833661700280e-01
3.261506131488087212e-01,-4.682267455417580271e-01,9.782727739124593702e-01,-2.598279209846530158e-01,1.643355420550256296e+00,-5.284837383887851930e-02,1.093761848807172310e+00,-8.438971148202244477e-01,1.662685160476103707e+00,1.516139523035652914e+00,7.894175759310980700e-01,4.074860994313688756e-01,4.479265653568189620e-01
-4.279824908476321799e-01,-4.682267455417580271e-01,-4.057548064034728341e-01,-2.598279209846530158e-01,-3.127355845528401179e-01,-3.818919328714492911e-02,7.743097531238646303e-01,-5.858470058850868689e-01,-5.127442261348462704e-01,-1.382735569775262463e-01,1.114320789264573897e+00,3.512961279936751557e-01,3.064245568844917167e-01
-4.626340830151465244e-01,3.512924485222181481e+00,-1.103571647212658879e+00,-2.598279209846530158e-01,-1.433042251111886323e+00,1.757560424300257385e+00,-1.294868593915742938e+00,1.224754443260029246e+00,-7.417367931465251862e-01,-9.596133839344236360e-01,-1.206416448831682642e+00,2.896887377850818623e-01,-1.386157159842193121e+00
3.334779996100145638e-02,-4.682267455417580271e-01,9.782727739124593702e-01,-2.598279209846530158e-01,2.207437804752766242e-01,2.667217621889204637e-01,1.862274860705023516e-01,-4.180165260038962161e-01,1.662685160476103707e+00,1.516139523035652914e+00,7.894175759310980700e-01,3.782572353651245667e-01,1.445136048825016450e-01
-4.598438097928762014e-01,1.035763719413508088e+00,-7.640931841162981186e-01,-2.598279209846530158e-01,-1.086280663843610439e+00,4.910072246304484911e-01,-1.069800071957049070e+00,8.214645820998771608e-01,-2.837516591231673546e-01,-4.609427747105930839e-01,-1.113586959307831803e+00,4.082420183296338045e-01,-5.167361654785663783e-01
-4.508225312358310477e-01,1.035763719413508088e+00,-7.640931841162981186e-01,-2.598279209846530158e-01,-1.086280663843610439e+00,1.065647102258417966e+00,-1.893841273321945184e+00,8.214645820998771608e-01,-2.837516591231673546e-01,-4.609427747105930839e-01,-1.113586959307831803e+00,3.412172093501424364e-01,-1.148052818662796071e+00
-2.710404398125206282e-01,-4.682267455417580271e-01,-4.666868382412811544e-01,-2.598279209846530158e-01,-1.526917750444048150e-01,-4.471803306805205991e-01,4.403371076367699755e-01,1.042447994089723828e-01,-6.272405096406857838e-01,-5.900104618038198856e-01,1.160735534026499538e+00,-1.647227452535785952e+00,1.960909579022472871e+00
-4.533364292214783209e-01,-4.682267455417580271e-01,3.718539808599857777e-01,-2.598279209846530158e-01,-1.050715372841735773e+00,-3.606911654252903388e-01,-1.000827460389062118e+00,8.267182396943368872e-01,-6.272405096406857838e-01,-6.956112966982780366e-01,-1.160001704069757666e+00,4.227304638797115821e-01,-3.942825043005908081e-01
2.151873514791725062e-01,-4.682267455417580271e-01,9.782727739124593702e-01,-2.598279209846530158e-01,5.230487539912099804e-01,3.356199107820693750e-01,8.614330519465845937e-01,-7.003767414443058392e-01,1.662685160476103707e+00,1.516139523035652914e+00,7.894175759310980700e-01,4.140373965496647601e-01,7.322911785367844928e-01
-4.562997859252701516e-01,-4.682267455417580271e-01,8.315221096179867266e-02,-2.598279209846530158e-01,1.585045212219962085e-01,1.056851593927377264e+00,7.670494782219711150e-01,-7.661907429458085783e-01,-9.707293601582042131e-01,-7.894787054933520842e-01,1.160735534026499538e+00,4.227304638797115821e-01,-1.041926312308550706e+00
-4.617421447514993282e-01,3.181161882658519513e+00,-1.353102825215112048e+00,-2.598279209846530158e-01,-1.246324473352045770e+00,1.986243640907306984e+00,-1.966444022340878783e+00,1.193184737169685539e+00,-8.562330766523646997e-01,-3.494752267664427148e-01,-1.763393385974784788e+00,4.035805184569999926e-01,-1.386157159842193121e+00
-4.380743744879595503e-01,5.049435553116494724e-01,-7.974607253608121393e-01,-2.598279209846530158e-01,-1.104063309344547550e+00,-9.529220597153398309e-01,1.198088842506180897e-02,1.997901799070136208e+00,-2.837516591231673546e-01,-4.550760616609009768e-01,2.788553835499225086e-01,3.248389665544019200e-01,7.023580613599461620e-01
-1.341607184540933029e-01,-4.682267455417580271e-01,1.192985648007593102e+00,-2.598279209846530158e-01,2.808118700861645944e+00,-1.948280419178072043e+00,9.376659384164652833e-01,-1.103714363128043718e+00,-5.127442261348462704e-01,-2.680600903337589450e-02,-1.763393385974784788e+00,3.573434791797941990e-01,2.208538093849045758e+00
1.047494168238619849e+00,-4.682267455417580271e-01,9.782727739124593702e-01,-2.598279209846530158e-01,1.100984732771670860e+00,7.724634912237395845e-01,7.597892033200777107e-01,-9.323973650250754197e-01,1.662685160476103707e+00,1.516139523035652914e+00,7.894175759310980700e-01,-4.305920204216628910e+00,1.699675101842791358e+00
-4.543079300532442688e-01,9.915287057383532776e-01,-1.331341385273037581e+00,-2.598279209846530158e-01,-7.395190765753343332e-01,1.707719210424362366e+00,7.369322509115547315e-02,-3.212059446950818464e-01,-2.837516591231673546e-01,-1.088681071027650438e+00,-4.604782978355479589e-02,4.227304638797115821e-01,-9.289968247777509180e-01
-4.494839259230960504e-01,-4.682267455417580271e-01,8.315221096179867266e-02,-2.598279209846530158e-01,1.585045212219962085e-01,7.900545078858196568e-01,7.053371415558774560e-01,-6.604489437264129403e-01,-9.707293601582042131e-01,-7.894787054933520842e-01,1.160735534026499538e+00,3.792651272294775833e-01,-9.276362285424399889e-01
-4.451666097267568123e-01,-4.682267455417580271e-01,-1.112499858540659803e-01,-2.598279209846530158e-01,-5.883665898173676689e-01,1.758348427681698800e-01,-1.363841205483730112e+00,8.294360588961786906e-02,-6.272405096406857838e-01,-7.660118532945835446e-01,4.678165974029681318e-02,2.830114541837419062e-01,-5.330633203022964173e-01
-4.587829755512926599e-01,1.854111472403873417e+00,-8.758019091522799560e-01,-2.598279209846530158e-01,-1.335237700856731546e+00,4.543592732511145260e-01,-1.705074125872718005e+00,1.693332940162237898e+00,-3.982479426290068125e-01,-6.721444444995096079e-01,-8.815132354982060381e-01,1.054964995745251433e-01,-5.153755692432555602e-01
7.077849867455894561e-02,-4.682267455417580271e-01,9.782727739124593702e-01,-2.598279209846530158e-01,1.910095103064315181e+00,-5.938996073329998529e-03,7.706796156729176506e-01,-7.050572727557333774e-01,1.662685160476103707e+00,1.516139523035652914e+00,7.894175759310980700e-01,-1.599570201995140772e-01,1.213834688822173630e-01
-4.586154754078847762e-01,2.628224211719083936e+00,-1.322636809296207749e+00,-2.598279209846530158e-01,-1.379694314609074768e+00,9.029301981341719685e-01,-8.156904503907813631e-01,1.937198173592334927e+00,-5.127442261348462704e-01,-2.908080962695214766e-01,-1.716978641212858925e+00,3.466346281210412883e-01,-9.834206741901844184e-01
-4.573801618502512656e-01,-4.682267455417580271e-01,-1.152897577748027480e+00,-2.598279209846530158e-01,-5.883665898173676689e-01,1.207841153610236029e+00,-2.457588705921525396e-01,-1.706170138284359428e-01,-8.562330766523646997e-01,-8.070788446424284057e-01,-3.245362983551046687e-01,4.121475993040027430e-01,-1.033762734896685576e+00
1.985713372531064114e-01,-4.682267455417580271e-01,9.782727739124593702e-01,-2.598279209846530158e-01,1.403289706287603300e+00,3.957225510441789162e-01,6.036932929293705730e-01,-6.380492581645808015e-01,1.662685160476103707e+00,1.516139523035652914e+00,7.894175759310980700e-01,-3.936149876482028187e+00,6.574583855946881661e-01
-3.893360202598387665e-01,4.164735279613396290e-01,-1.071654868630949498e+00,-2.598279209846530158e-01,1.762871667229334860e-01,1.781015113183031628e+00,-6.269233029415539615e-01,-4.297178542824653391e-01,-5.127442261348462704e-01,-8.422791229405811597e-01,-2.552444046927512034e+00,3.395793850705684513e-01,-1.379354178665638697e+00
-4.465540692479857410e-01,-4.682267455417580271e-01,-1.953942202967536845e-01,-2.598279209846530158e-01,-7.266987029018714961e-02,-5.615219389840454545e-01,1.172548745025152189e-01,-6.181331198292203677e-01,-3.982479426290068125e-01,1.433286694076957024e-01,-3.245362983551046687e-01,-3.113927728185904020e-01,2.819338246488964361e-01
-4.273194694466424526e-01,-4.682267455417580271e-01,-2.418186255065124524e-01,-2.598279209846530158e-01,2.652003942276197623e-01,-6.758635472875702543e-01,2.650143822884822031e-02,-4.198314259001640902e-01,-3.982479426290068125e-01,-9.720656562968138514e-02,3.252701283118467068e-01,4.227304638797115821e-01,1.091381027644198337e-01
4.729016762920764672e-01,-4.682267455417580271e-01,9.782727739124593702e-01,-2.598279209846530158e-01,1.403289706287603300e+00,7.240881954030172762e-01,8.251316774371177942e-01,-6.916365656280685226e-01,1.662685160476103707e+00,1.516139523035652914e+00,7.894175759310980700e-01,-4.573641480685462390e+00,5.635772453582404973e-01
-3.984131321980199369e-01,-4.682267455417580271e-01,-2.113526095876081812e-01,-2.598279209846530158e-01,-9.934383854159303806e-02,-2.082356876872576701e-01,-4.018547809828599271e-01,1.099283017157058340e-01,-6.272405096406857838e-01,-6.076106009528962071e-01,-4.604782978355479589e-02,4.142893695157535694e-01,-7.726358147316511604e-02
-4.489674671475882839e-01,8.588236647128886236e-01,-9.323816530016735271e-01,-2.598279209846530158e-01,-1.130737277595953438e+00,9.410440675686797540e-01,-5.652109662754605246e-01,1.224754443260029246e+00,-3.982479426290068125e-01,-6.310774531516647468e-01,-8.815132354982060381e-01,3.515481009597632434e-01,-2.609440732401284158e-01
-4.582427875888021029e-01,-4.682267455417580271e-01,-1.152897577748027480e+00,-2.598279209846530158e-01,-5.883665898173676689e-01,2.374034010854519650e-01,-1.368547470637523911e-01,-3.245014208225157626e-01,-8.562330766523646997e-01,-8.070788446424284057e-01,-3.245362983551046687e-01,3.632648438828698922e-01,-6.106173057150142691e-01
1.669170950497131267e+00,-4.682267455417580271e-01,9.782727739124593702e-01,-2.598279209846530158e-01,1.029854150767921972e+00,5.774963898856787514e-01,8.505426395937446538e-01,-1.159068809964213465e+00,1.662685160476103707e+00,1.516139523035652914e+00,7.894175759310980700e-01,-4.111740673891926649e-03,1.352723061838527308e+00
-4.299129300004084775e-01,-4.682267455417580271e-01,1.528111823115539281e+00,-2.598279209846530158e-01,6.119619814958963122e-01,-5.835107098116458779e-01,1.028419374690132226e+00,-1.004467995116343548e+00,-6.272405096406857838e-01,1.726622346561563215e-01,1.253565023550349489e+00,3.615010331202518912e-01,1.091488584658846239e+00
-4.488236961911631351e-01,-4.682267455417580271e-01,-4.057548064034728341e-01,-2.598279209846530158e-01,-3.127355845528401179e-01,7.709975731685657641e-01,5.191240038547508678e-02,-4.373117775326386680e-01,-5.127442261348462704e-01,-1.382735569775262463e-01,1.114320789264573897e+00,4.061002481178829782e-01,-7.657252765404500838e-01
4.845499154315692225e-01,-4.682267455417580271e-01,9.782727739124593702e-01,-2.598279209846530158e-01,1.403289706287603300e+00,-2.551450654528061857e-01,5.274604064594904385e-01,-5.035078632228295881e-01,1.662685160476103707e+00,1.516139523035652914e+00,7.894175759310980700e-01,4.227304638797115821e-01,1.907738768830701537e-01
8.387736353725337990e-01,-4.682267455417580271e-01,9.782727739124593702e-01,-2.598279209846530158e-01,1.100984732771670860e+00,1.831644330440366508e-01,9.340358009655181926e-01,-8.613774664526990810e-01,1.662685160476103707e+00,1.516139523035652914e+00,7.894175759310980700e-01,-3.812683123098754567e+00,1.467013145604637803e+00
-4.271798859938025217e-01,-4.682267455417580271e-01,-2.113526095876081812e-01,-2.598279209846530158e-01,-9.934383854159303806e-02,1.604977475427038155e-02,4.693782072443433151e-01,-2.430697281083921690e-01,-6.272405096406857838e-01,-6.076106009528962071e-01,-4.604782978355479589e-02,3.785092083312126543e-01,-7.344315631283007129e-01
1.300274869015269619e-01,-4.682267455417580271e-01,9.782727739124593702e-01,-2.598279209846530158e-01,1.910095103064315181e+00,-2.097016057424315461e-01,4.149261454801431159e-01,-6.030407943760455192e-01,1.662685160476103707e+00,1.516139523035652914e+00,7.894175759310980700e-01,3.451227903245113193e-01,-8.542715888503021882e-02
2.864802510388079690e-02,-4.682267455417580271e-01,1.192985648007593102e+00,3.848701079585173268e+00,2.808118700861645944e+00,-1.510648835354959085e-01,4.621179323424498553e-01,-9.677401524787124787e-01,-5.127442261348462704e-01,-2.680600903337589450e-02,-1.763393385974784788e+00,-3.468866010871250793e+00,2.343129564130170817e-01
1.422694489472370538e+00,-4.682267455417580271e-01,9.782727739124593702e-01,-2.598279209846530158e-01,6.742012407491767556e-01,-3.506551311827385664e+00,1.093761848807172310e+00,-1.079929622382217680e+00,1.662685160476103707e+00,1.516139523035652914e+00,7.894175759310980700e-01,-2.921958687976565550e+00,4.372192645485225605e-03
-4.572824534332632918e-01,-4.682267455417580271e-01,3.718539808599857777e-01,-2.598279209846530158e-01,-1.050715372841735773e+00,4.309045843683402821e-01,-6.850055021567008628e-01,1.045318156147441391e+00,-6.272405096406857838e-01,-6.956112966982780366e-01,-1.160001704069757666e+00,3.717059382468286266e-01,-8.038219711291536562e-01
-4.421530029799425332e-01,4.164735279613396290e-01,-6.378768324522665623e-01,-2.598279209846530158e-01,-8.106496585790828879e-01,-2.206409468023746642e-02,-1.944663197635198904e+00,3.139134979514957569e-01,-7.417367931465251862e-01,-1.082814357977958331e+00,4.678165974029681318e-02,4.227304638797115821e-01,-9.126696699540207680e-01
6.672930651212623410e+00,-4.682267455417580271e-01,9.782727739124593702e-01,-2.598279209846530158e-01,3.718962672332433161e-01,-7.301025153289856240e-01,1.093761848807172310e+00,-1.126543893402150109e+00,1.662685160476103707e+00,1.516139523035652914e+00,7.894175759310980700e-01,-4.544916562551394534e+00,-4.337397951246052541e-01
2.017112201291136955e-02,-4.682267455417580271e-01,9.782727739124593702e-01,3.848701079585173268e+00,1.447746320039946522e+00,3.701367765460171988e+00,4.730083446952902948e-01,-8.917053989298066030e-01,1.662685160476103707e+00,1.516139523035652914e+00,7.894175759310980700e-01,-1.108222918122924450e-01,-1.089547180544430116e+00
1.548124180194337951e+00,-4.682267455417580271e-01,9.782727739124593702e-01,-2.598279209846530158e-01,1.643355420550256296e+00,3.019037955130818296e-01,8.505426395937446538e-01,-8.449478463391162375e-01,1.662685160476103707e+00,1.516139523035652914e+00,7.894175759310980700e-01,-4.231336206254487919e+00,6.465736157122017325e-01
2.613001409593740387e-01,-4.682267455417580271e-01,9.782727739124593702e-01,3.848701079585173268e+00,1.910095103064315181e+00,-1.877128349148311781e-01,4.911590319500236945e-01,-5.010243159963575499e-01,1.662685160476103707e+00,1.516139523035652914e+00,7.894175759310980700e-01,4.042104508722209055e-01,-2.473381108870200962e-01
-4.408646477102299843e-01,-4.682267455417580271e-01,-1.953942202967536845e-01,-2.598279209846530158e-01,-7.266987029018714961e-02,-4.794305278943355453e-01,6.654056295954642319e-01,-6.250106352256038500e-01,-3.982479426290068125e-01,1.433286694076957024e-01,-3.245362983551046687e-01,-2.322732614668595319e-01,3.349970778260192295e-01
6.294584769973498029e-01,-4.682267455417580271e-01,9.782727739124593702e-01,-2.598279209846530158e-01,8.875929867604238632e-01,-6.750755439061341401e-02,-1.622657092203787232e-01,-3.860647357248647715e-01,1.662685160476103707e+00,1.516139523035652914e+00,7.894175759310980700e-01,4.227304638797115821e-01,-1.059436594293393374e-02
-4.587271421701566987e-01,4.607085416364945507e-01,-8.293775039425212992e-01,-2.598279209846530158e-01,-1.032932727340798662e+00,-2.053038515769112227e-01,-2.493890080430992695e-01,1.453336309142607252e+00,-6.272405096406857838e-01,-9.654800969841157432e-01,-7.886837459743560874e-01,3.858164243477742450e-01,-5.262603391257423269e-01
-4.230230907682291930e-01,4.164735279613396290e-01,-6.378768324522665623e-01,-2.598279209846530158e-01,-8.106496585790828879e-01,-5.849766278668196984e-01,-1.008087735290955411e+00,3.139134979514957569e-01,-7.417367931465251862e-01,-1.082814357977958331e+00,4.678165974029681318e-02,3.187916153682821552e-01,-4.052748311977249357e-02
-4.257575306093635548e-01,-4.682267455417580271e-01,-2.418186255065124524e-01,-2.598279209846530158e-01,2.652003942276197623e-01,-4.823623640046820205e-01,-9.899370480362219560e-01,-6.638877014246047370e-01,-3.982479426290068125e-01,-9.720656562968138514e-02,3.252701283118467068e-01,4.227304638797115821e-01,3.974769476356702913e-02
-3.495882362291383716e-01,4.164735279613396290e-01,-1.071654868630949498e+00,-2.598279209846530158e-01,8.164624047566747533e-01,1.571388831293237143e+00,8.941042890051049685e-01,-8.085543273665871666e-01,-5.127442261348462704e-01,-8.422791229405811597e-01,-2.552444046927512034e+00,3.788871677803454796e-01,-2.786318242991694394e-01
-4.439382753417653871e-01,6.376485963371141263e-01,-9.033663997455743111e-01,-2.598279209846530158e-01,-9.084542088342377752e-01,-7.535572042117598679e-01,-1.332246096128053836e-01,1.649488779510293268e+00,-1.692553756173278690e-01,-7.249448619467386834e-01,5.573438521214724162e-01,4.001788834148079510e-01,-2.011853959010985113e-02
-4.561950983356402034e-01,-4.682267455417580271e-01,-8.946618237687444797e-01,-2.598279209846530158e-01,-3.571921983051832838e-01,-4.207938056873998800e-01,-4.127451933356998670e-01,4.969318243330330120e-01,-5.127442261348462704e-01,-1.076947644928266223e+00,7.894175759310980700e-01,4.227304638797115821e-01,-5.453086864200941131e-01
-1.517845252096637065e-01,-4.682267455417580271e-01,1.192985648007593102e+00,-2.598279209846530158e-01,4.430268492369923705e-01,-5.879084639771662291e-01,7.960905778295445101e-01,-6.446402104194481897e-01,-5.127442261348462704e-01,-2.680600903337589450e-02,-1.763393385974784788e+00,4.001788834148079510e-01,-2.255685711220466183e-01
-4.619766449522703655e-01,3.734099553597955534e+00,-1.258803252132789652e+00,-2.598279209846530158e-01,-1.236544018326529937e+00,2.607792896300825003e+00,-1.378361755287516921e+00,6.429835054590096188e-01,-6.272405096406857838e-01,-1.076947644928266223e+00,-1.763393385974784788e+00,3.427290471466724053e-01,-1.417450873254342492e+00
1.082836698497692263e+00,-4.682267455417580271e-01,9.782727739124593702e-01,-2.598279209846530158e-01,1.447746320039946522e+00,2.286078927544113182e-01,1.093761848807172310e+00,-9.135797187321929025e-01,1.662685160476103707e+00,1.516139523035652914e+00,7.894175759310980700e-01,-5.618539011103742542e-01,2.343129564130170817e-01
-3.824196601716199351e-01,-4.682267455417580271e-01,1.528111823115539281e+00,-2.598279209846530158e-01,6.119619814958963122e-01,1.714370886026495289e-01,1.017528962337292286e+00,-6.898216657318007039e-01,-6.272405096406857838e-01,1.726622346561563215e-01,1.253565023550349489e+00,2.823815217685209933e-01,-2.963195753582104630e-01
-4.157675428896092651e-01,-4.682267455417580271e-01,-5.769448006144581864e-01,-2.598279209846530158e-01,-5.528012988154931140e-01,-3.137817876597418509e-01,-7.249370141171144200e-01,4.534219873461904915e-01,-5.127442261348462704e-01,-7.073447227976623619e-01,5.109291073595482180e-01,4.227304638797115821e-01,-7.616434878345175186e-01
-3.959690259387926847e-01,-4.682267455417580271e-01,-2.113526095876081812e-01,-2.598279209846530158e-01,-9.934383854159303806e-02,5.569735371132509272e-01,4.584877948915033752e-01,-2.169447217068522504e-01,-6.272405096406857838e-01,-6.076106009528962071e-01,-4.604782978355479589e-02,4.227304638797115821e-01,-1.191591898192743137e+00
-4.596735179804114502e-01,6.376485963371141263e-01,-9.425369916413081084e-01,-2.598279209846530158e-01,-1.148519923096890771e+00,6.882282474051182319e-02,-1.367471342934676537e+00,7.780025056366205449e-01,-6.272405096406857838e-01,-7.425450010958151159e-01,2.324406387879967284e-01,4.227304638797115821e-01,-8.949819188949799109e-01
2.613187800398909300e+00,-4.682267455417580271e-01,9.782727739124593702e-01,-2.598279209846530158e-01,1.643355420550256296e+00,-6.406815139634088885e-01,8.178714025352249450e-01,-9.100932005104150901e-01,1.662685160476103707e+00,1.516139523035652914e+00,7.894175759310980700e-01,3.540678306206462289e-01,1.198975687248402533e+00
-4.587773922131790361e-01,3.070574348470632486e+00,-1.370511977168771489e+00,-2.598279209846530158e-01,-1.264107118852982881e+00,-8.678988125152834465e-01,-1.741375500382184915e+00,3.254385653570524006e+00,-6.272405096406857838e-01,-4.316092094621324926e-01,1.624882981645751068e+00,2.450895227874507754e-01,-7.140226195986381086e-01
-3.933378778527598096e-01,-4.682267455417580271e-01,-7.481347948254435387e-01,-2.598279209846530158e-01,-4.283227803089323382e-01,1.616832291003611699e+00,6.280281273831501976e-02,1.797064266748461259e-01,-1.692553756173278690e-01,-5.900104618038198856e-01,-5.101952774028062354e-01,3.366816959605526405e-01,-1.165740569721836817e+00
-1.436831016068338129e-01,-4.682267455417580271e-01,1.192985648007593102e+00,-2.598279209846530158e-01,4.430268492369923705e-01,9.374343167845995695e-02,9.521864882202516478e-01,-7.984290963663559504e-01,-5.127442261348462704e-01,-2.680600903337589450e-02,-1.763393385974784788e+00,-8.347406233840184431e-01,-2.990407678288320992e-01
9.891433526350500161e-02,-4.682267455417580271e-01,9.782727739124593702e-01,-2.598279209846530158e-01,-2.060397115472165919e-01,-3.818919328714492911e-02,7.561590658691311750e-01,-3.211581841714959418e-01,1.662685160476103707e+00,1.516139523035652914e+00,7.894175759310980700e-01,4.029505860417790242e-01,-5.821523417881351720e-02
-3.069385122138956756e-01,-4.682267455417580271e-01,-4.666868382412811544e-01,-2.598279209846530158e-01,-1.526917750444048150e-01,-7.946029097566141841e-01,8.795837392013180489e-01,2.203028717229428834e-01,-6.272405096406857838e-01,-5.900104618038198856e-01,1.160735534026499538e+00,-4.001788834147620988e-02,1.265644902778633840e+00
-2.927484583981876942e-01,-4.682267455417580271e-01,-4.666868382412811544e-01,-2.598279209846530158e-01,-1.526917750444048150e-01,-1.657240640872294779e-01,7.924604403785979745e-01,9.798817081920682681e-02,-6.272405096406857838e-01,-5.900104618038198856e-01,1.160735534026499538e+00,4.227304638797115821e-01,7.377335634780276541e-01
-4.605249770427350953e-01,1.964699006591760666e+00,-1.099219359224244075e+00,-2.598279209846530158e-01,-6.328232035697107793e-01,9.073279522996909874e-01,-1.516306978423490603e+00,1.286508800256722207e+00,-5.127442261348462704e-01,-2.204075396732159964e-01,-4.173657878789546194e-01,3.102245345212801264e-01,-1.182067724545567078e+00
-2.756843812885053646e-01,-4.682267455417580271e-01,-4.666868382412811544e-01,-2.598279209846530158e-01,-1.526917750444048150e-01,-2.683383279493671836e-01,1.093761848807172310e+00,1.926017680430651691e-01,-6.272405096406857838e-01,-5.900104618038198856e-01,1.160735534026499538e+00,1.686157275796476285e-01,-3.508509817852925594e-02
6.865160050147306459e-01,-4.682267455417580271e-01,9.782727739124593702e-01,-2.598279209846530158e-01,1.403289706287603300e+00,1.668139422934680649e+00,1.068350886650545561e+00,-6.299777296785473713e-01,1.662685160476103707e+00,1.516139523035652914e+00,7.894175759310980700e-01,1.577808900378499801e-01,4.683355088864813442e-01
-4.572992034476041634e-01,4.607085416364945507e-01,-8.293775039425212992e-01,-2.598279209846530158e-01,-1.032932727340798662e+00,3.751996982717510920e-01,-1.770416599989758089e+00,1.453336309142607252e+00,-6.272405096406857838e-01,-9.654800969841157432e-01,-7.886837459743560874e-01,4.227304638797115821e-01,-1.090907776779740601e+00
3.481545486544964652e-01,-4.682267455417580271e-01,9.782727739124593702e-01,-2.598279209846530158e-01,-2.060397115472165919e-01,-1.913225856989100859e-02,-1.876766713770055828e-01,-1.659842430405943092e-01,1.662685160476103707e+00,1.516139523035652914e+00,7.894175759310980700e-01,4.227304638797115821e-01,-3.480222323000222717e-01
6.891904239711440505e-01,-4.682267455417580271e-01,9.782727739124593702e-01,3.848701079585173268e+00,1.003180182516516084e+00,-5.571241848185251033e-01,7.162275539087173959e-01,-1.261897217244863256e+00,1.662685160476103707e+00,1.516139523035652914e+00,7.894175759310980700e-01,-1.948552760027452979e-01,-6.010931320678383205e-01
-4.469742154410339952e-01,8.588236647128886236e-01,-9.323816530016735271e-01,-2.598279209846530158e-01,-1.130737277595953438e+00,2.022213677612905991e-01,-2.253224880965666976e+00,1.558791545220486574e+00,-3.982479426290068125e-01,-6.310774531516647468e-01,-8.815132354982060381e-01,1.431664580047274649e-01,-1.103153142897538075e+00
-3.921165226404103032e-01,-4.682267455417580271e-01,-7.481347948254435387e-01,3.848701079585173268e+00,-4.283227803089323382e-01,5.511098648925580878e-01,2.406795478347025508e-01,1.797064266748461259e-01,-1.692553756173278690e-01,-5.900104618038198856e-01,-5.101952774028062354e-01,3.162718857073991696e-01,-5.112937805373232170e-01
-4.619124365639640240e-01,3.291749416846406984e+00,-1.540251208716951759e+00,-2.598279209846530158e-01,-1.290781087104388769e+00,1.875621872095570020e-01,-1.240416532151542794e+00,2.586645773314711239e+00,-8.562330766523646997e-01,-5.548101835056671316e-01,-5.566100221647304336e-01,4.227304638797115821e-01,-1.024238561249509738e+00
1.245948989169966131e-01,-4.682267455417580271e-01,9.782727739124593702e-01,3.848701079585173268e+00,1.910095103064315181e+00,-6.626702847910093119e-01,6.944467292030375161e-01,-8.917053989298066030e-01,1.662685160476103707e+00,1.516139523035652914e+00,7.894175759310980700e-01,-1.298462507519600184e-01,1.826102994712053007e-01
-4.609716440918228963e-01,-4.682267455417580271e-01,-6.219184431614119823e-01,-2.598279209846530158e-01,-7.661930448267402216e-01,1.363228467458615256e+00,-3.183616196110861107e-01,5.709128753677413792e-01,-8.562330766523646997e-01,-9.713468100338079614e-01,-3.245362983551046687e-01,3.714539652807398173e-01,-1.260982306193595637e+00
-4.432222122286964550e-01,6.376485963371141263e-01,-9.033663997455743111e-01,-2.598279209846530158e-01,-9.084542088342377752e-01,-1.613263099217104590e-01,-1.476375466463077046e+00,1.930989305526155331e+00,-1.692553756173278690e-01,-7.249448619467386834e-01,5.573438521214724162e-01,3.443668714262463904e-01,-8.759335716006280137e-01
2.189295838498112323e-01,-4.682267455417580271e-01,9.782727739124593702e-01,-2.598279209846530158e-01,6.742012407491767556e-01,-1.883780024750443483e+00,1.093761848807172310e+00,-1.164991114888876966e+00,1.662685160476103707e+00,1.516139523035652914e+00,7.894175759310980700e-01,1.533713631313042003e-01,-1.365748216312530516e+00
-4.231584867174839615e-01,-4.682267455417580271e-01,-7.481347948254435387e-01,-2.598279209846530158e-01,-4.549967485603382267e-01,2.097653413100484254e+00,-1.919252235478572155e+00,-1.894346601213182935e-01,-1.692553756173278690e-01,-5.900104618038198856e-01,-5.101952774028062354e-01,1.784426732570915386e-01,-1.275948864782014969e+00
-3.902265626889576122e-01,4.164735279613396290e-01,-1.071654868630949498e+00,-2.598279209846530158e-01,8.164624047566747533e-01,1.854311015941700669e+00,7.089672790068244357e-01,-7.794204079791294815e-01,-5.127442261348462704e-01,-8.422791229405811597e-01,-2.552444046927512034e+00,3.152639938430460975e-01,-8.215097221881945133e-01
-4.327199532370196167e-01,-4.682267455417580271e-01,-1.112499858540659803e-01,-2.598279209846530158e-01,-5.883665898173676689e-01,1.040048580646732029e-01,-6.305534403925007192e-01,2.785229499742723491e-01,-6.272405096406857838e-01,-7.660118532945835446e-01,4.678165974029681318e-02,3.971552078217480686e-01,-3.167285188878729008e-01
-4.537593670835833315e-01,-4.682267455417580271e-01,2.137208506142451447e-01,-2.598279209846530158e-01,-1.050715372841735773e+00,2.631120114048363448e-02,-2.318567355082707060e+00,2.291385685863523702e-01,-5.127442261348462704e-01,-5.613957428183651704e-02,9.319640450222096972e-02,3.977851402369689815e-01,-8.868183414831147804e-01
9.194054127400520526e-01,-4.682267455417580271e-01,9.782727739124593702e-01,-2.598279209846530158e-01,1.225463251278230636e+00,-5.908403000875126487e-01,2.878713346970092624e-01,-1.084801195787989281e+00,1.662685160476103707e+00,1.516139523035652914e+00,7.894175759310980700e-01,-3.173141375216654292e-01,2.268404328202722642e+00
-4.518470737796762005e-01,1.035763719413508088e+00,-7.640931841162981186e-01,-2.598279209846530158e-01,-1.086280663843610439e+00,3.517450093889768481e-01,-1.868430311165318658e+00,8.214645820998771608e-01,-2.837516591231673546e-01,-4.609427747105930839e-01,-1.113586959307831803e+00,2.552944279140275108e-01,-6.296656530093661663e-01
3.535094631370840457e+00,-4.682267455417580271e-01,9.782727739124593702e-01,-2.598279209846530158e-01,3.718962672332433161e-01,-1.612585184543365635e+00,1.093761848807172310e+00,-1.042294329796452645e+00,1.662685160476103707e+00,1.516139523035652914e+00,7.894175759310980700e-01,-1.919736215360297260e+00,9.227746514803017996e-01
5.686796541272560734e-01,-4.682267455417580271e-01,9.782727739124593702e-01,-2.598279209846530158e-01,3.718962672332433161e-01,-9.353310430532597586e-01,1.017528962337292286e+00,-1.106627755066789343e+00,1.662685160476103707e+00,1.516139523035652914e+00,7.894175759310980700e-01,-6.136343456415229713e-01,1.782671472196752704e+00
-4.590398091045181372e-01,6.376485963371141263e-01,-9.425369916413081084e-01,-2.598279209846530158e-01,-1.148519923096890771e+00,6.918379981892035513e-01,-1.320279556072369909e+00,7.780025056366205449e-01,-6.272405096406857838e-01,-7.425450010958151159e-01,2.324406387879967284e-01,4.227304638797115821e-01,-1.089547180544430116e+00
2.947122320656697658e-01,-4.682267455417580271e-01,9.782727739124593702e-01,-2.598279209846530158e-01,1.403289706287603300e+00,5.862918982167194537e-01,1.028419374690132226e+00,-6.765442401748936740e-01,1.662685160476103707e+00,1.516139523035652914e+00,7.894175759310980700e-01,-1.014992920670247240e-01,6.030345361822547767e-01
-3.709933587221427298e-01,-4.682267455417580271e-01,-4.666868382412811544e-01,-2.598279209846530158e-01,-1.526917750444048150e-01,-6.480111042392756593e-01,7.416385160653442554e-01,4.347476226240661878e-01,-6.272405096406857838e-01,-5.900104618038198856e-01,1.160735534026499538e+00,1.705055248253097011e-01,2.057404354714895689e-01
-4.499026762816158431e-01,3.070574348470632486e+00,-1.370511977168771489e+00,-2.598279209846530158e-01,-1.264107118852982881e+00,-4.677031834529484233e-01,-1.828498799204905101e+00,3.254385653570524006e+00,-6.272405096406857838e-01,-4.316092094621324926e-01,1.624882981645751068e+00,1.599226602496008343e-01,-1.051450485955726322e+00
2.069128443948210216e-01,-4.682267455417580271e-01,9.782727739124593702e-01,-2.598279209846530158e-01,1.403289706287603300e+00,6.537241287546944335e-01,7.307481037125043155e-01,-5.608204915260248669e-01,1.662685160476103707e+00,1.516139523035652914e+00,7.894175759310980700e-01,-1.362120041406859050e+00,4.247964293565349436e-01
-4.551510141083975336e-01,-4.682267455417580271e-01,2.073598584330203831e+00,-2.598279209846530158e-01,2.296351032257452629e-01,-5.644537750943918741e-01,-6.169798829671590754e-03,-7.231107506712400879e-01,-8.562330766523646997e-01,-1.288149314717182525e+00,2.788553835499225086e-01,3.250909395204900076e-01,1.458742011178124354e-01
-4.561797441558278488e-01,-4.682267455417580271e-01,-1.010722836793141344e+00,-2.598279209846530158e-01,-1.006258759089392774e+00,-5.234080695495375579e-01,-6.378137152943941235e-01,2.025937226415115866e+00,-7.417367931465251862e-01,-3.260083745676742306e-01,1.396111492641467777e-01,1.592011013012942233e-02,-8.542715888503021882e-02
6.798843951703054111e-01,-4.682267455417580271e-01,9.782727739124593702e-01,-2.598279209846530158e-01,1.403289706287603300e+00,-4.677031834529484233e-01,3.786247709706763165e-01,-4.740396201702698487e-01,1.662685160476103707e+00,1.516139523035652914e+00,7.894175759310980700e-01,-4.533577779077420544e+00,4.955474335926985385e-01
-2.658716645538578005e-01,-4.682267455417580271e-01,1.192985648007593102e+00,-2.598279209846530158e-01,2.808118700861645944e+00,3.737337802165772160e-01,1.093761848807172310e+00,-9.579970056671693879e-01,-5.127442261348462704e-01,-2.680600903337589450e-02,-1.763393385974784788e+00,1.214051563880457103e-02,-8.038219711291536562e-01
-4.381581245596635754e-01,5.049435553116494724e-01,-7.974607253608121393e-01,-2.598279209846530158e-01,-1.104063309344547550e+00,6.786447356926426089e-01,-1.901101548223838700e+00,1.936577286785716723e+00,-2.837516591231673546e-01,-4.550760616609009768e-01,2.788553835499225086e-01,3.829187352377583786e-01,-9.167514586599533333e-01
-4.523956367493371378e-01,4.607085416364945507e-01,-8.293775039425212992e-01,-2.598279209846530158e-01,-1.032932727340798662e+00,-4.281233959632667063e-01,-8.774027870568748000e-01,1.453336309142607252e+00,-6.272405096406857838e-01,-9.654800969841157432e-01,-7.886837459743560874e-01,4.058482751517948905e-01,2.069934746921519783e-02
2.836116532929572109e+00,-4.682267455417580271e-01,9.782727739124593702e-01,-2.598279209846530158e-01,1.029854150767921972e+00,1.831644330440366508e-01,9.558166256711986275e-01,-1.139391474246782776e+00,1.662685160476103707e+00,1.516139523035652914e+00,7.894175759310980700e-01,4.227304638797115821e-01,1.413949892427515342e+00
-4.532443041426039154e-01,-4.682267455417580271e-01,3.718539808599857777e-01,-2.598279209846530158e-01,-1.050715372841735773e+00,-1.877128349148311781e-01,-1.868430311165318658e+00,8.267182396943368872e-01,-6.272405096406857838e-01,-6.956112966982780366e-01,-1.160001704069757666e+00,4.227304638797115821e-01,-6.419110191271636401e-01
-3.757322169460585726e-01,-4.682267455417580271e-01,-4.666868382412811544e-01,-2.598279209846530158e-01,-1.526917750444048150e-01,-2.331562946252058177e-01,5.310905439104369741e-01,3.296267102112883651e-01,-6.272405096406857838e-01,-5.900104618038198856e-01,1.160735534026499538e+00,2.100652805011747892e-01,-4.133308515949425943e-01
-4.555446394454061299e-01,-4.682267455417580271e-01,-1.177560543015711669e+00,-2.598279209846530158e-01,-8.462149495809574429e-01,-5.673856112047384048e-01,-1.599800139795264364e+00,6.891201712430817805e-01,-6.272405096406857838e-01,1.315952433083114603e-01,-7.422690012124320003e-01,2.405540093978609795e-01,-4.527881424189568738e-01
-4.391854587725654846e-01,-4.682267455417580271e-01,2.376807980856440849e+00,-2.598279209846530158e-01,4.785921402388668700e-01,-1.232912408253458381e+00,1.032049512141078651e+00,-9.630118606436988138e-01,-6.272405096406857838e-01,1.780141610271798402e+00,7.430028311691739829e-01,-2.431080990086571803e-01,1.452046587016218471e+00
-4.449167553461733093e-01,-4.682267455417580271e-01,-1.953942202967536845e-01,-2.598279209846530158e-01,-7.266987029018714961e-02,-1.541241907810963823e-03,5.202001315575970342e-01,-7.236838769542719429e-01,-3.982479426290068125e-01,1.433286694076957024e-01,-3.245362983551046687e-01,3.199254937156799650e-01,-3.874795231240367177e-01
-1.326643838396491526e-01,-4.682267455417580271e-01,1.192985648007593102e+00,-2.598279209846530158e-01,2.808118700861645944e+00,-1.833150807493108270e-01,1.093761848807172310e+00,-1.123630501463404263e+00,-5.127442261348462704e-01,-2.680600903337589450e-02,-1.763393385974784788e+00,-2.399240769826358477e+00,1.973154945140270344e+00
-4.602625601513959941e-01,-4.682267455417580271e-01,-1.331341385273037581e+00,-2.598279209846530158e-01,-8.639975950818946648e-01,1.089101791141192210e+00,-8.737726496059283754e-01,1.093938369157985591e+00,-7.417367931465251862e-01,-1.088681071027650438e+00,9.319640450222096972e-02,3.941315322286881861e-01,-1.409287295842477361e+00
9.205639553986233459e-01,-4.682267455417580271e-01,9.782727739124593702e-01,-2.598279209846530158e-01,1.643355420550256296e+00,-5.938996073329998529e-03,9.703371754749849920e-01,-7.516237832520797912e-01,1.662685160476103707e+00,1.516139523035652914e+00,7.894175759310980700e-01,3.171537910887081702e-01,4.275176218271565798e-01
-4.503646975105160544e-01,6.376485963371141263e-01,-9.033663997455743111e-01,-2.598279209846530158e-01,-9.084542088342377752e-01,-4.808964459495094212e-01,-8.229507252926746563e-01,1.509359403308980774e+00,-1.692553756173278690e-01,-7.249448619467386834e-01,5.573438521214724162e-01,4.227304638797115821e-01,-5.548328600672698396e-01
1.216948479986303511e+00,-4.682267455417580271e-01,9.782727739124593702e-01,-2.598279209846530158e-01,5.230487539912099804e-01,-8.898875833428850912e-01,6.436248048897837970e-01,-8.694967554623183048e-01,1.662685160476103707e+00,1.516139523035652914e+00,7.894175759310980700e-01,-9.045371349904809399e-01,1.091381027644198337e-01
-5.663886041584911823e-02,-4.682267455417580271e-01,1.192985648007593102e+00,-2.598279209846530158e-01,4.430268492369923705e-01,-2.258267043493390192e-01,8.396522272409047138e-01,-7.108362961096390542e-01,-5.127442261348462704e-01,-2.680600903337589450e-02,-1.763393385974784788e+00,-1.551981671354403458e+00,-4.745576821839302961e-01
-4.078713069624539944e-01,-4.682267455417580271e-01,-7.481347948254435387e-01,3.848701079585173268e+00,-4.283227803089323382e-01,-1.334738668734158640e-01,7.779398905748110549e-01,-3.456593327711119379e-01,-1.692553756173278690e-01,-5.900104618038198856e-01,-5.101952774028062354e-01,4.018167076943819360e-01,1.110536931953198136e+00
-4.533531792358191370e-01,-4.682267455417580271e-01,-1.228337236213885353e+00,-2.598279209846530158e-01,-9.795847908379868851e-01,2.294086432493718686e+00,-1.196854882740182813e+00,-1.320742712945369157e-01,-8.562330766523646997e-01,-7.718785663442756517e-01,-2.317068088312547181e-01,3.802730190938306554e-01,-1.323569733017894379e+00
1.093026290555007440e+00,-4.682267455417580271e-01,9.782727739124593702e-01,-2.598279209846530158e-01,1.643355420550256296e+00,5.481780287822103359e-01,8.977344264560513931e-01,-7.866322470406150735e-01,1.662685160476103707e+00,1.516139523035652914e+00,7.894175759310980700e-01,-3.193711531902811984e+00,1.356804850544459873e+00
-4.600922683389312984e-01,2.849399280094857989e+00,-1.219632660237055743e+00,-2.598279209846530158e-01,-1.130737277595953438e+00,1.127215660575699996e+00,-1.962813884889932359e+00,7.781935477309644966e-01,-7.417367931465251862e-01,-9.126796795368866677e-01,-9.246257454547894550e-02,4.066041940500598195e-01,-1.539904534432317895e+00
-4.418347527074675263e-01,5.049435553116494724e-01,-7.974607253608121393e-01,-2.598279209846530158e-01,-1.104063309344547550e+00,2.608580899682262366e-01,-7.539781137246877041e-01,1.936577286785716723e+00,-2.837516591231673546e-01,-4.550760616609009768e-01,2.788553835499225086e-01,1.431664580047274649e-01,-5.140149730079447421e-01
-4.469923612899031617e-01,-4.682267455417580271e-01,-6.451306457662913107e-01,-2.598279209846530158e-01,-9.529108225865809967e-01,7.548724745616582910e-01,-2.431101616062053772e+00,9.309317021589808006e-01,-7.417367931465251862e-01,-1.024147227481037037e+00,-2.781215535931805261e-01,2.779719948619759351e-01,-1.150774011133417707e+00
-3.880002066161606367e-01,4.164735279613396290e-01,-1.071654868630949498e+00,-2.598279209846530158e-01,8.164624047566747533e-01,1.394012746617257603e+00,7.888303029276509948e-01,-8.795742259389636164e-01,-5.127442261348462704e-01,-8.422791229405811597e-01,-2.552444046927512034e+00,3.092166426569263327e-01,-7.072196384220840182e-01
-4.617281864062153240e-01,2.185874074967534941e+00,-1.222534185562665687e+00,-2.598279209846530158e-01,-1.370802991858605990e+00,7.988500162168603591e-01,-2.176991994495786287e+00,1.169113433282343628e+00,-9.707293601582042131e-01,-8.364124098908890526e-01,-1.345660683117458234e+00,3.782572353651245667e-01,-1.124922682662511608e+00
-4.457389018834005401e-01,-4.682267455417580271e-01,-1.112499858540659803e-01,-2.598279209846530158e-01,-5.883665898173676689e-01,-5.336694959357508594e-01,-1.726854950578398107e+00,8.294360588961786906e-02,-6.272405096406857838e-01,-7.660118532945835446e-01,4.678165974029681318e-02,4.227304638797115821e-01,-3.303344812409814701e-01
-4.530740123301392197e-01,-4.682267455417580271e-01,2.137208506142451447e-01,-2.598279209846530158e-01,-1.050715372841735773e+00,-5.585901028736990348e-01,-1.207745295093022753e+00,3.490652433107889197e-01,-5.127442261348462704e-01,-5.613957428183651704e-02,9.319640450222096972e-02,4.121475993040027430e-01,-5.711600148910001007e-01
-3.568842633090818506e-01,-4.682267455417580271e-01,-4.666868382412811544e-01,-2.598279209846530158e-01,-1.526917750444048150e-01,3.517450093889768481e-01,8.904741515541585439e-01,3.261879525130965685e-01,-6.272405096406857838e-01,-5.900104618038198856e-01,1.160735534026499538e+00,3.098465750721472456e-01,-6.773940782598919519e-02
-4.549918889721599746e-01,-4.682267455417580271e-01,3.675016928715710285e-01,-2.598279209846530158e-01,-4.599590203878126810e-02,5.672349634994655609e-01,5.528713686161168539e-01,-1.674648192717601292e-01,-5.127442261348462704e-01,-7.718785663442756517e-01,-9.743427250220576541e-01,3.708240328655189044e-01,-4.908848370076605017e-01
-4.621706659517179072e-01,3.291749416846406984e+00,-1.045541140700460225e+00,-2.598279209846530158e-01,-1.121845954845484883e+00,3.825292885476178628e-01,-1.530827528227277190e+00,2.275103877963257748e+00,-6.272405096406857838e-01,-3.318750876173663378e-01,-2.781215535931805261e-01,3.664145059589738462e-01,-9.439633833661700280e-01
-4.360155185585705140e-01,5.049435553116494724e-01,-7.974607253608121393e-01,-2.598279209846530158e-01,-1.104063309344547550e+00,-9.705130763774211244e-01,2.406795478347025508e-01,1.997901799070136208e+00,-2.837516591231673546e-01,-4.550760616609009768e-01,2.788553835499225086e-01,1.151974587689249957e-01,-1.085572948853144870e-01
-4.596093095921051086e-01,4.164735279613396290e-01,-1.164503679050467033e+00,-2.598279209846530158e-01,-9.982565686139708294e-01,1.045124249485990031e+00,-1.185964470387342651e+00,7.034960888424666159e-01,-5.127442261348462704e-01,-1.123881349325803081e+00,-1.670563896450933949e+00,3.638947762980908052e-01,-1.184788917016188714e+00
-4.627820414751568356e-01,3.955274621973730031e+00,-1.456106974274264054e+00,-2.598279209846530158e-01,-1.281889764353920214e+00,8.223047050996346030e-01,-1.066169934506102202e+00,2.174567975814735821e+00,-5.127442261348462704e-01,-8.892128273381181280e-01,-1.577734406927083999e+00,3.723358706620488179e-01,-1.271867076076082625e+00
6.061061653372282754e-01,-4.682267455417580271e-01,9.782727739124593702e-01,-2.598279209846530158e-01,1.225463251278230636e+00,-7.447616958807191656e-01,1.053830336846759197e+00,-1.021279699418614406e+00,1.662685160476103707e+00,1.516139523035652914e+00,7.894175759310980700e-01,3.748556003229325251e-01,9.010051117153288214e-01
-4.493890091751648885e-01,6.376485963371141263e-01,-9.033663997455743111e-01,-2.598279209846530158e-01,-9.084542088342377752e-01,2.945742052372150588e-01,-7.514241039765871821e-02,1.649536540033879728e+00,-1.692553756173278690e-01,-7.249448619467386834e-01,5.573438521214724162e-01,4.227304638797115821e-01,-8.936213226596689818e-01
1.195482434005697314e+01,-4.682267455417580271e-01,9.782727739124593702e-01,-2.598279209846530158e-01,1.029854150767921972e+00,1.045124249485990031e+00,7.997207152804914898e-01,-1.124872275076640005e+00,1.662685160476103707e+00,1.516139523035652914e+00,7.894175759310980700e-01,4.227304638797115821e-01,5.322835319460911263e-01
-4.507052811354455013e-01,-4.682267455417580271e-01,-1.953942202967536845e-01,-2.598279209846530158e-01,-7.266987029018714961e-02,6.742469815271222577e-01,4.258165578329830558e-01,-5.226120726572278663e-01,-3.982479426290068125e-01,1.433286694076957024e-01,-3.245362983551046687e-01,4.062262346009269942e-01,-4.269368139480509972e-01
-4.577193496406523066e-01,-4.682267455417580271e-01,-9.962152101650917357e-01,-2.598279209846530158e-01,-9.440194998361123302e-01,1.963576955405976765e-01,-7.939096256851012612e-01,4.812663725968262529e-01,-7.417367931465251862e-01,-9.420132447853473145e-01,3.669149783710088058e-04,4.227304638797115821e-01,-5.004090106548364503e-01
-4.504177392225952592e-01,8.588236647128886236e-01,-9.323816530016735271e-01,-2.598279209846530158e-01,-1.130737277595953438e+00,1.509142358302217324e-01,-6.160328905887140216e-01,1.558791545220486574e+00,-3.982479426290068125e-01,-6.310774531516647468e-01,-8.815132354982060381e-01,1.184731073280729657e-01,-2.827136130051018936e-01
-4.622990827283306459e-01,3.734099553597955534e+00,-1.434345534332189587e+00,-2.598279209846530158e-01,-1.353020346357668879e+00,1.289932564699945994e+00,-2.031786496457919089e+00,1.853903820458357554e+00,-7.417367931465251862e-01,-3.267272208306801901e-02,-6.958542564505061367e-01,2.639874952440743328e-01,-1.203837264310540611e+00
-1.639715564771186129e-01,-4.682267455417580271e-01,1.192985648007593102e+00,-2.598279209846530158e-01,2.808118700861645944e+00,-9.192059444463522855e-01,1.093761848807172310e+00,-1.077063990967057849e+00,-5.127442261348462704e-01,-2.680600903337589450e-02,-1.763393385974784788e+00,-2.445099849654431612e+00,4.560901427686838150e-01
-4.472226739870890921e-01,1.522348869840211893e+00,-1.148545289759612675e+00,-2.598279209846530158e-01,-1.050715372841735773e+00,4.411660107545535281e-01,-1.480005603914023693e+00,3.796797389294123692e-01,-5.127442261348462704e-01,-5.613957428183651704e-02,-1.531319662165159023e+00,2.455934687196269506e-01,-1.188870705722121501e+00
-3.417729587046303141e-01,-4.682267455417580271e-01,1.528111823115539281e+00,-2.598279209846530158e-01,6.119619814958963122e-01,-9.060126819497925643e-01,9.013645639069984838e-01,-8.557894851931374669e-01,-6.272405096406857838e-01,1.726622346561563215e-01,1.253565023550349489e+00,4.227304638797115821e-01,6.860309065362159009e-01
-4.571330991387245746e-01,9.915287057383532776e-01,-1.331341385273037581e+00,-2.598279209846530158e-01,-7.395190765753343332e-01,5.291210940649563321e-01,-4.272657431394865091e-01,-1.918704468242041494e-01,-2.837516591231673546e-01,-1.088681071027650438e+00,-4.604782978355479589e-02,3.781312488820804951e-01,-5.942901508912843411e-01
-4.487231961051184048e-01,-4.682267455417580271e-01,-1.228337236213885353e+00,-2.598279209846530158e-01,-9.795847908379868851e-01,-1.349397849285884354e-01,-9.799936280618580867e-03,-1.320742712945369157e-01,-8.562330766523646997e-01,-7.718785663442756517e-01,-2.317068088312547181e-01,3.588553169763241124e-01,-2.663864581813719101e-01
-4.086655368091133278e-01,-4.682267455417580271e-01,-2.113526095876081812e-01,-2.598279209846530158e-01,-9.934383854159303806e-02,1.860962691543831260e-01,-9.692323510333859804e-02,-1.142595959969602698e-01,-6.272405096406857838e-01,-6.076106009528962071e-01,-4.604782978355479589e-02,4.014387482452491107e-01,-3.997248892418342470e-01
3.156097640219843736e+00,-4.682267455417580271e-01,9.782727739124593702e-01,-2.598279209846530158e-01,1.100984732771670860e+00,-1.394163394322530447e+00,6.980768666539840517e-01,-1.014545465592988860e+00,1.662685160476103707e+00,1.516139523035652914e+00,7.894175759310980700e-01,-2.973109200092492799e+00,1.815325781844213004e+00
1.360286727707634924e+00,-4.682267455417580271e-01,9.782727739124593702e-01,-2.598279209846530158e-01,2.207437804752766242e-01,-7.946029097566141841e-01,-4.780876674527400061e-01,-4.527861871745014199e-01,1.662685160476103707e+00,1.516139523035652914e+00,7.894175759310980700e-01,4.227304638797115821e-01,1.989374542949352842e-01
-2.374496818865898251e-01,-4.682267455417580271e-01,1.528111823115539281e+00,-2.598279209846530158e-01,6.119619814958963122e-01,-1.811950040046946819e+00,1.093761848807172310e+00,-1.113935115175446855e+00,-6.272405096406857838e-01,1.726622346561563215e-01,1.253565023550349489e+00,4.227304638797115821e-01,2.872509056680735195e+00
8.631644479217843724e-01,-4.682267455417580271e-01,9.782727739124593702e-01,-2.598279209846530158e-01,1.403289706287603300e+00,6.933039162443761505e-01,8.795837392013180489e-01,-6.092496624422248930e-01,1.662685160476103707e+00,1.516139523035652914e+00,7.894175759310980700e-01,-4.493514077469378698e+00,7.363729672427171691e-01
1.244725587101450870e+00,-4.682267455417580271e-01,9.782727739124593702e-01,-2.598279209846530158e-01,2.563090714771511514e-01,-6.128290709151142934e-01,-3.691835439243396078e-01,-8.473358725184161333e-01,1.662685160476103707e+00,1.516139523035652914e+00,7.894175759310980700e-01,-4.267116367439029112e+00,3.254729041788433364e-01
4.863777138508814518e-02,-4.682267455417580271e-01,9.782727739124593702e-01,-2.598279209846530158e-01,1.910095103064315181e+00,-1.309140147122473952e+00,9.558166256711986275e-01,-7.967097175172600521e-01,1.662685160476103707e+00,1.516139523035652914e+00,7.894175759310980700e-01,2.197662396955753772e-01,-4.228550252421185429e-01
-2.088169282055335751e-01,-4.682267455417580271e-01,1.192985648007593102e+00,3.848701079585173268e+00,4.430268492369923705e-01,2.267699907500596801e+00,1.028419374690132226e+00,-8.267510868528517021e-01,-5.127442261348462704e-01,-2.680600903337589450e-02,-1.763393385974784788e+00,3.308863177405216849e-01,-1.548068111844183026e+00
-4.584158710703236106e-01,-4.682267455417580271e-01,3.675016928715710285e-01,3.848701079585173268e+00,-4.599590203878126810e-02,-5.380672501012712106e-01,-5.034986296093668656e-01,-3.150448371524884883e-01,-5.127442261348462704e-01,-7.718785663442756517e-01,-9.743427250220576541e-01,3.710760058316077137e-01,2.886292488108030407e-02
-4.171703565906506594e-01,-4.682267455417580271e-01,-5.769448006144581864e-01,-2.598279209846530158e-01,-5.528012988154931140e-01,2.344715649751055175e-01,-1.080690484309889010e+00,4.534219873461904915e-01,-5.127442261348462704e-01,-7.073447227976623619e-01,5.109291073595482180e-01,4.227304638797115821e-01,-9.766176930136302170e-01
-4.532736166677003298e-01,8.588236647128886236e-01,-9.323816530016735271e-01,-2.598279209846530158e-01,-1.130737277595953438e+00,3.312221566165490239e-01,-1.864800173714371789e+00,1.154928557777302744e+00,-3.982479426290068125e-01,-6.310774531516647468e-01,-8.815132354982060381e-01,2.023801050354817610e-01,-9.439633833661700280e-01
2.426857849202877393e+00,-4.682267455417580271e-01,9.782727739124593702e-01,-2.598279209846530158e-01,9.231582777622983071e-01,-3.103423846654703500e+00,1.093761848807172310e+00,-1.238733363305654978e+00,1.662685160476103707e+00,1.516139523035652914e+00,7.894175759310980700e-01,8.659852711790161361e-02,1.366329024191635710e+00
-4.585526628541067296e-01,6.376485963371141263e-01,-9.425369916413081084e-01,-2.598279209846530158e-01,-1.148519923096890771e+00,5.335188482304766833e-01,1.924116332695527398e-02,7.780025056366205449e-01,-6.272405096406857838e-01,-7.425450010958151159e-01,2.324406387879967284e-01,4.067301805331038911e-01,-8.269521071294378967e-01
2.101986388746732159e-01,-4.682267455417580271e-01,9.782727739124593702e-01,-2.598279209846530158e-01,2.474177487266825126e-01,-5.131466431633230352e-01,-6.051424782358738597e-01,-2.958451066709180122e-01,1.662685160476103707e+00,1.516139523035652914e+00,7.894175759310980700e-01,3.133741965973840249e-01,-2.514198995929527447e-01
-4.132466657313200731e-01,-4.682267455417580271e-01,-2.113526095876081812e-01,-2.598279209846530158e-01,-9.934383854159303806e-02,4.572911093614610012e-01,6.327343925369438571e-01,-8.092275053393498119e-02,-6.272405096406857838e-01,-6.076106009528962071e-01,-4.604782978355479589e-02,4.074860994313688756e-01,-5.466692826554049311e-01
-4.537886796086797458e-01,1.522348869840211893e+00,-1.148545289759612675e+00,-2.598279209846530158e-01,-1.050715372841735773e+00,7.724634912237395845e-01,-1.044389109800422100e+00,8.055104906776008877e-03,-5.127442261348462704e-01,-5.613957428183651704e-02,-1.531319662165159023e+00,3.845565595173323636e-01,-9.004243038362232943e-01
1.749054560557427251e+00,-4.682267455417580271e-01,9.782727739124593702e-01,-2.598279209846530158e-01,1.100984732771670860e+00,-5.263399056598840886e-01,9.267755260636253434e-01,-8.893651332740928339e-01,1.662685160476103707e+00,1.516139523035652914e+00,7.894175759310980700e-01,-4.480915429164962660e+00,1.509191628899274162e+00
-4.557554104591944322e-01,2.628224211719083936e+00,-1.322636809296207749e+00,-2.598279209846530158e-01,-1.379694314609074768e+00,1.318573011129678119e-01,-1.806717974499224999e+00,1.937198173592334927e+00,-5.127442261348462704e-01,-2.908080962695214766e-01,-1.716978641212858925e+00,6.165320347515831911e-02,-1.133086260074376961e+00
-4.567129529456764314e-01,-4.682267455417580271e-01,-1.290720030714498590e+00,-2.598279209846530158e-01,-5.972579125678362244e-01,1.062715266148071436e+00,-4.163753307866465692e-01,-4.502548794244435881e-01,-7.417367931465251862e-01,-1.258815749468721990e+00,-3.245362983551046687e-01,4.227304638797115821e-01,-1.123562086427201123e+00
1.444455549770116809e+00,-4.682267455417580271e-01,9.782727739124593702e-01,-2.598279209846530158e-01,1.643355420550256296e+00,-4.691691015081222993e-01,6.545152172426242920e-01,-9.318719992656294693e-01,1.662685160476103707e+00,1.516139523035652914e+00,7.894175759310980700e-01,-3.708996247553413728e+00,2.819445803503612957e+00
-4.578282247338674726e-01,4.607085416364945507e-01,-8.293775039425212992e-01,-2.598279209846530158e-01,-1.032932727340798662e+00,-3.768162640321978119e-01,-1.759526187636918149e+00,1.453336309142607252e+00,-6.272405096406857838e-01,-9.654800969841157432e-01,-7.886837459743560874e-01,4.227304638797115821e-01,-6.623199626568263554e-01
7.519331860226955433e-01,-4.682267455417580271e-01,9.782727739124593702e-01,-2.598279209846530158e-01,1.225463251278230636e+00,3.165629760648154267e-01,1.050200199395812106e+00,-9.771967361487396975e-01,1.662685160476103707e+00,1.516139523035652914e+00,7.894175759310980700e-01,3.607451142219869067e-01,5.200381658282936526e-01
-3.887748947794222865e-01,-4.682267455417580271e-01,1.528111823115539281e+00,-2.598279209846530158e-01,6.119619814958963122e-01,-1.525308015906697845e-01,1.017528962337292286e+00,-1.004420234592757755e+00,-6.272405096406857838e-01,1.726622346561563215e-01,1.253565023550349489e+00,4.227304638797115821e-01,7.023580613599461620e-01
-3.840541824043756103e-01,4.164735279613396290e-01,-1.071654868630949498e+00,-2.598279209846530158e-01,1.762871667229334860e-01,2.993329344811426207e+00,-1.041835100052320578e-01,-6.448312525137921414e-01,-5.127442261348462704e-01,-8.422791229405811597e-01,-2.552444046927512034e+00,2.670111708371342152e-01,-7.970189899525993438e-01
-4.536449086522545970e-01,1.301173801464437396e+00,-7.176687789065393508e-01,-2.598279209846530158e-01,-9.618021453370495522e-01,3.326880746717228998e-01,-1.371101480385623406e+00,1.760288663587245006e-01,-6.272405096406857838e-01,-9.009462534375024534e-01,-4.173657878789546194e-01,4.227304638797115821e-01,-8.310338958353703509e-01
-4.586685171199639255e-01,3.070574348470632486e+00,-1.158700628399247368e+00,-2.598279209846530158e-01,-1.397476960110011879e+00,-6.861249736737835558e-01,-1.407402854895090094e+00,1.356286925215862915e+00,-6.272405096406857838e-01,-4.140090703130561156e-01,-1.113586959307831803e+00,4.227304638797115821e-01,-4.160520440655642305e-01
7.624535908632417147e-01,-4.682267455417580271e-01,9.782727739124593702e-01,-2.598279209846530158e-01,2.563090714771511514e-01,-1.011558781922275552e+00,2.650143822884822031e-02,-8.158616874752446790e-01,1.662685160476103707e+00,1.516139523035652914e+00,7.894175759310980700e-01,-4.531687981831758805e+00,5.254805507695368139e-01
-3.731234022124801375e-01,4.164735279613396290e-01,-1.071654868630949498e+00,-2.598279209846530158e-01,8.164624047566747533e-01,8.604185745341424996e-01,1.093761848807172310e+00,-8.410792439286506328e-01,-5.127442261348462704e-01,-8.422791229405811597e-01,-2.552444046927512034e+00,3.601151818067659938e-01,-8.704911866593847414e-01
1.711431887700587406e-01,-4.682267455417580271e-01,9.782727739124593702e-01,-2.598279209846530158e-01,1.447746320039946522e+00,-3.949258564489749546e+00,6.545152172426242920e-01,-1.030927325182985577e+00,1.662685160476103707e+00,1.516139523035652914e+00,7.894175759310980700e-01,-1.089324945666303723e-01,-8.405580694825462995e-01
-4.147974378923716676e-01,-4.682267455417580271e-01,-7.481347948254435387e-01,3.848701079585173268e+00,-4.283227803089323382e-01,1.020203642548041856e+00,6.762960419483041719e-01,-4.346371882118229557e-01,-1.692553756173278690e-01,-5.900104618038198856e-01,-5.101952774028062354e-01,3.572174926967501274e-01,-4.881636445370386435e-01
-4.552054516550050889e-01,-4.682267455417580271e-01,-1.228337236213885353e+00,-2.598279209846530158e-01,-9.795847908379868851e-01,1.701855538203669305e+00,-2.675396952978326692e-01,-1.320742712945369157e-01,-8.562330766523646997e-01,-7.718785663442756517e-01,-2.317068088312547181e-01,4.227304638797115821e-01,-9.670935193664542684e-01
-4.562285983643218357e-01,1.301173801464437396e+00,-7.176687789065393508e-01,3.848701079585173268e+00,-9.618021453370495522e-01,8.369638856513682557e-01,-1.534457665678224059e+00,5.210986492675471204e-01,-6.272405096406857838e-01,-9.009462534375024534e-01,-4.173657878789546194e-01,3.792651272294775833e-01,-1.243294555134554891e+00
-1.394132437844601280e-01,-4.682267455417580271e-01,1.192985648007593102e+00,-2.598279209846530158e-01,2.808118700861645944e+00,-1.567141724832990857e+00,8.686933268484781090e-01,-1.070855122900878476e+00,-5.127442261348462704e-01,-2.680600903337589450e-02,-1.763393385974784788e+00,-8.008158994951819487e-02,2.043905949376433995e+00
-3.772076140425766888e-01,-4.682267455417580271e-01,-4.666868382412811544e-01,-2.598279209846530158e-01,-1.526917750444048150e-01,-6.172268250806346446e-01,-4.853479423546334659e-01,3.471548223673488476e-01,-6.272405096406857838e-01,-5.900104618038198856e-01,1.160735534026499538e+00,4.066041940500598195e-01,-6.568775777155828610e-01
-2.527508199869037409e-01,-4.682267455417580271e-01,1.192985648007593102e+00,3.848701079585173268e+00,4.430268492369923705e-01,3.107670953114949786e+00,8.723234642994250887e-01,-7.688175717430384415e-01,-5.127442261348462704e-01,-2.680600903337589450e-02,-1.763393385974784788e+00,3.162718857073991696e-01,-1.357584638900665386e+00
-4.626857288926972678e-01,3.512924485222181481e+00,-1.472065363565118634e+00,3.848701079585173268e+00,-1.370802991858605990e+00,2.445075992176577451e+00,-1.636101514304731053e+00,1.009306721363600223e+00,-9.707293601582042131e-01,-1.229482184220261454e+00,-2.273955578355961293e+00,4.053443292196179937e-01,-1.379354178665638697e+00
-4.384889373428942361e-01,-4.682267455417580271e-01,-6.451306457662913107e-01,-2.598279209846530158e-01,-9.529108225865809967e-01,-6.875908917289574873e-01,-1.327539830974263424e+00,6.345776533078739678e-01,-7.417367931465251862e-01,-1.024147227481037037e+00,-2.781215535931805261e-01,4.227304638797115821e-01,1.159410839409741323e-01
-4.575392869864887690e-01,-4.682267455417580271e-01,-9.962152101650917357e-01,-2.598279209846530158e-01,-9.440194998361123302e-01,-3.518956570942509687e-01,-8.991836117625549019e-01,3.130538085269476967e-01,-7.417367931465251862e-01,-9.420132447853473145e-01,3.669149783710088058e-04,4.112656939226936870e-01,-5.957583041412432834e-02
-4.535946586092322041e-01,-4.682267455417580271e-01,-7.829530987327625313e-01,-2.598279209846530158e-01,-4.994533623126813371e-01,-5.937721361978604007e-01,-1.029868559996635513e+00,7.759442724798645830e-02,-5.127442261348462704e-01,-7.542784271951993302e-01,3.252701283118467068e-01,4.227304638797115821e-01,-6.160596906562577635e-01
5.920617715441214735e+00,-4.682267455417580271e-01,9.782727739124593702e-01,-2.598279209846530158e-01,1.225463251278230636e+00,-2.544909067633641886e+00,1.093761848807172310e+00,-1.009435089569287403e+00,1.662685160476103707e+00,1.516139523035652914e+00,7.894175759310980700e-01,-3.465590362312102712e+00,3.222182289155620882e+00
2.338738815425025042e+00,-4.682267455417580271e-01,9.782727739124593702e-01,-2.598279209846530158e-01,1.287702510531511191e+00,-2.766262693964823161e+00,7.743097531238646303e-01,-1.113887354651860839e+00,1.662685160476103707e+00,1.516139523035652914e+00,7.894175759310980700e-01,-9.766014032917389454e-01,2.358203679733237745e+00
-4.584382044227779951e-01,-4.682267455417580271e-01,-1.177560543015711669e+00,-2.598279209846530158e-01,-8.462149495809574429e-01,-1.627922279768830305e-01,-1.367471342934676537e+00,1.003862021674796656e+00,-6.272405096406857838e-01,1.315952433083114603e-01,-7.422690012124320003e-01,6.581075741561528969e-02,-5.725206111263109188e-01
-4.453592348916759480e-01,-4.682267455417580271e-01,-1.060048767328509944e+00,-2.598279209846530158e-01,-4.016488120575264498e-01,-1.001297355536062250e+00,6.762960419483041719e-01,-5.614891388562288643e-01,-5.127442261348462704e-01,-6.545443053504331754e-01,-8.815132354982060381e-01,4.227304638797115821e-01,1.894132806477593634e-01
-4.375076656694294464e-01,-4.682267455417580271e-01,-7.933320727235676495e-02,-2.598279209846530158e-01,-1.264107118852982881e+00,-1.473450440437067133e-02,-2.311307080180813323e+00,7.238420718901010797e-01,-6.272405096406857838e-01,-6.017438879032040999e-01,3.252701283118467068e-01,1.741591328335905242e-01,-7.834130275994910519e-01
-4.569027864415386997e-01,1.301173801464437396e+00,-7.176687789065393508e-01,3.848701079585173268e+00,-9.618021453370495522e-01,7.372814578995782187e-01,-1.342060380778050011e+00,1.460830180703051040e-01,-6.272405096406857838e-01,-9.009462534375024534e-01,-4.173657878789546194e-01,4.227304638797115821e-01,-1.329012117959137873e+00
-4.452950265033694954e-01,-4.682267455417580271e-01,-4.057548064034728341e-01,-2.598279209846530158e-01,-3.127355845528401179e-01,-1.290761127078955128e-01,7.307481037125043155e-01,-6.451178156553082355e-01,-5.127442261348462704e-01,-1.382735569775262463e-01,1.114320789264573897e+00,3.696901545181218163e-01,-1.316874308855987552e-01
-4.344647463975188639e-01,-4.682267455417580271e-01,-1.112499858540659803e-01,3.848701079585173268e+00,-5.883665898173676689e-01,-6.568066125703150293e-01,-5.833616535301939798e-01,-5.689920717017889207e-02,-6.272405096406857838e-01,-7.660118532945835446e-01,4.678165974029681318e-02,3.476425199853943049e-01,3.717331761794120948e-01
-4.132829574290584063e-01,5.049435553116494724e-01,-7.974607253608121393e-01,-2.598279209846530158e-01,-1.104063309344547550e+00,2.937624458714837239e+00,-2.231444056259986652e+00,2.452486462561648484e+00,-2.837516591231673546e-01,-4.550760616609009768e-01,2.788553835499225086e-01,4.227304638797115821e-01,-1.327651521723826944e+00
-3.176696880682300383e-01,-4.682267455417580271e-01,-4.666868382412811544e-01,-2.598279209846530158e-01,-1.526917750444048150e-01,-4.691691015081222993e-01,-1.472745329012130622e+00,3.471548223673488476e-01,-6.272405096406857838e-01,-5.900104618038198856e-01,1.160735534026499538e+00,2.961140484203344525e-01,-9.140302661893315861e-01
-9.691147822922774324e-02,-4.682267455417580271e-01,-2.113526095876081812e-01,-2.598279209846530158e-01,-9.934383854159303806e-02,-1.879382270584923020e+00,-1.164183645681662771e+00,-5.981214604466879026e-01,-6.272405096406857838e-01,-6.076106009528962071e-01,-4.604782978355479589e-02,-1.624767498603970628e-01,-8.950894759096264530e-02
-4.592924551541583966e-01,-4.682267455417580271e-01,-1.152897577748027480e+00,-2.598279209846530158e-01,-5.883665898173676689e-01,2.198123844233719204e-01,1.462959741100890720e-01,-3.245969418696877384e-01,-8.562330766523646997e-01,-8.070788446424284057e-01,-3.245362983551046687e-01,3.805249920599194646e-01,-6.936136760689757264e-01
-4.568804530890843152e-01,-4.682267455417580271e-01,-1.152897577748027480e+00,-2.598279209846530158e-01,-5.883665898173676689e-01,1.102295053637751820e+00,5.964330180274770576e-01,-1.671782561302441739e-01,-8.562330766523646997e-01,-8.070788446424284057e-01,-3.245362983551046687e-01,4.227304638797115821e-01,-1.060974659602902381e+00
4.792197165992597263e+00,-4.682267455417580271e-01,9.782727739124593702e-01,-2.598279209846530158e-01,1.100984732771670860e+00,-7.776898077682666000e-02,3.205425717555296372e-01,-9.116692977887530525e-01,1.662685160476103707e+00,1.516139523035652914e+00,7.894175759310980700e-01,-4.340566487053772349e+00,1.662831446474750952e-01
-4.241760500886870844e-01,-4.682267455417580271e-01,1.528111823115539281e+00,-2.598279209846530158e-01,6.119619814958963122e-01,-1.188146863216809623e-01,8.614330519465845937e-01,-1.031548211989603558e+00,-6.272405096406857838e-01,1.726622346561563215e-01,1.253565023550349489e+00,3.116103858347653022e-01,1.477897915487124791e+00
-4.627722706334580494e-01,2.185874074967534941e+00,-1.222534185562665687e+00,-2.598279209846530158e-01,-1.370802991858605990e+00,5.115300774028762598e-01,-1.853909761361531849e+00,1.169113433282343628e+00,-9.707293601582042131e-01,-8.364124098908890526e-01,-1.345660683117458234e+00,1.682377681305148032e-01,-1.213361437957716449e+00
-4.328497658481607613e-01,-4.682267455417580271e-01,-4.057548064034728341e-01,-2.598279209846530158e-01,-3.127355845528401179e-01,2.198123844233719204e-01,5.637617809689572379e-01,-5.048451578832372499e-01,-5.127442261348462704e-01,-1.382735569775262463e-01,1.114320789264573897e+00,-3.685688748190244279e+00,-3.629887908884414371e-01
-3.721658597259981938e-01,4.164735279613396290e-01,-1.071654868630949498e+00,-2.598279209846530158e-01,8.164624047566747533e-01,1.580184339624277845e+00,1.093761848807172310e+00,-8.965292118119921883e-01,-5.127442261348462704e-01,-8.422791229405811597e-01,-2.552444046927512034e+00,2.512628604566146118e-01,-7.493981217167200448e-01
-4.529902622584352501e-01,-4.682267455417580271e-01,-1.060048767328509944e+00,-2.598279209846530158e-01,-4.016488120575264498e-01,-5.805788737012993472e-01,-4.247117333913839193e-02,-5.109585049022448144e-01,-5.127442261348462704e-01,-6.545443053504331754e-01,-8.815132354982060381e-01,3.764934246025065101e-01,-4.976878181842145921e-01
-2.962450238918281076e-01,-4.682267455417580271e-01,1.192985648007593102e+00,-2.598279209846530158e-01,4.430268492369923705e-01,-5.571241848185251033e-01,8.977344264560513931e-01,-6.427775499995943553e-01,-5.127442261348462704e-01,-2.680600903337589450e-02,-1.763393385974784788e+00,-8.952141352452132050e-01,1.540377785296775381e-01
-4.173462317412289790e-01,5.049435553116494724e-01,-7.974607253608121393e-01,-2.598279209846530158e-01,-1.104063309344547550e+00,-2.155652779631257732e-01,-1.269457631759116412e+00,2.045948885797648220e+00,-2.837516591231673546e-01,-4.550760616609009768e-01,2.788553835499225086e-01,3.380675472740385379e-01,-5.629964374791349702e-01
-2.939893552939347177e-01,-4.682267455417580271e-01,1.192985648007593102e+00,-2.598279209846530158e-01,4.430268492369923705e-01,1.008476298106654845e+00,9.993782750825589423e-01,-9.047917823923695702e-01,-5.127442261348462704e-01,-2.680600903337589450e-02,-1.763393385974784788e+00,1.053705130918821406e-03,-1.184788917016188714e+00
-4.524612409721718853e-01,-4.682267455417580271e-01,-7.933320727235676495e-02,-2.598279209846530158e-01,-1.264107118852982881e+00,2.374034010854519650e-01,-2.296786530377026736e+00,7.238420718901010797e-01,-6.272405096406857838e-01,-6.017438879032040999e-01,3.252701283118467068e-01,2.568062657105574798e-01,-8.949819188949799109e-01
-4.187434621041566940e-01,-4.682267455417580271e-01,1.528111823115539281e+00,-2.598279209846530158e-01,6.119619814958963122e-01,-6.348178417427147169e-01,9.267755260636253434e-01,-6.217629196217560050e-01,-6.272405096406857838e-01,1.726622346561563215e-01,1.253565023550349489e+00,3.192955613004590520e-01,2.356735526483278997e-01
-4.597865805772118342e-01,4.164735279613396290e-01,-1.164503679050467033e+00,-2.598279209846530158e-01,-9.982565686139708294e-01,2.294086432493718686e+00,-1.949369462788990703e-01,4.408132091194875701e-01,-5.127442261348462704e-01,-1.123881349325803081e+00,-1.670563896450933949e+00,3.019094266403654081e-01,-1.297718404546988502e+00
-4.314036812767390039e-01,-4.682267455417580271e-01,-2.418186255065124524e-01,-2.598279209846530158e-01,2.652003942276197623e-01,-3.460319848735567971e-01,-1.658958466713257307e-01,-6.508013179620417699e-01,-3.982479426290068125e-01,-9.720656562968138514e-02,3.252701283118467068e-01,4.227304638797115821e-01,-5.141225300225922556e-02
8.238954351343251714e-01,-4.682267455417580271e-01,9.782727739124593702e-01,-2.598279209846530158e-01,6.742012407491767556e-01,-5.724612800439885657e-02,1.093761848807172310e+00,-1.243031810428394834e+00,1.662685160476103707e+00,1.516139523035652914e+00,7.894175759310980700e-01,3.532202851892912721e-02,-5.126543767726340350e-01
-3.777422186669536774e-01,-4.682267455417580271e-01,-7.481347948254435387e-01,3.848701079585173268e+00,-4.283227803089323382e-01,9.146575425755577582e-01,2.842411972460628378e-01,-2.386279994148944872e-01,-1.692553756173278690e-01,-5.900104618038198856e-01,-5.101952774028062354e-01,3.407132634179655395e-01,-4.582305273602003681e-01
-4.612940818678831212e-01,-4.682267455417580271e-01,-1.373413502494381433e+00,-2.598279209846530158e-01,-3.305182300537773954e-01,4.177113218717792842e-01,-3.691835439243396078e-01,1.191704160938519719e+00,-9.707293601582042131e-01,8.466153891077446425e-02,-1.206416448831682642e+00,3.352958446470667431e-01,-6.323868454799876915e-01
-4.561113482639362338e-01,1.301173801464437396e+00,-1.466262312913898969e+00,-2.598279209846530158e-01,-1.121845954845484883e+00,3.444154191131100218e-01,-9.245945739191817614e-01,2.397752902532096275e+00,-9.707293601582042131e-01,-4.257424964124403299e-01,5.573438521214724162e-01,4.227304638797115821e-01,-9.956660403079820032e-01
-4.546694511960997498e-01,2.185874074967534941e+00,-1.402428755750480649e+00,-2.598279209846530158e-01,-1.281889764353920214e+00,-5.439309223219641609e-01,-1.864800173714371789e+00,3.313895265958675562e+00,-6.272405096406857838e-01,2.012769536416110158e-02,-9.246257454547894550e-02,3.651546411285319649e-01,-7.493981217167200448e-01
-4.492424465496829278e-01,-4.682267455417580271e-01,2.376807980856440849e+00,-2.598279209846530158e-01,4.785921402388668700e-01,-3.988050348597995121e-01,4.947891694009701746e-01,-7.937008045313423965e-01,-6.272405096406857838e-01,1.780141610271798402e+00,7.430028311691739829e-01,4.227304638797115821e-01,7.093385116106847021e-03
-3.844799119355374328e-01,-4.682267455417580271e-01,-7.481347948254435387e-01,-2.598279209846530158e-01,-4.283227803089323382e-01,3.051966067018360818e+00,1.245151494044086787e-01,3.183984565260204735e-02,-1.692553756173278690e-01,-5.900104618038198856e-01,-5.101952774028062354e-01,2.842713190141837321e-01,-1.473235318902086588e+00
-3.527358430906789577e-01,-4.682267455417580271e-01,-4.666868382412811544e-01,-2.598279209846530158e-01,-1.526917750444048150e-01,-1.171343849936175019e+00,-1.207745295093022753e+00,1.182818627006961172e-02,-6.272405096406857838e-01,-5.900104618038198856e-01,1.160735534026499538e+00,-9.367896746497851312e-01,-2.187655899454925834e-01
-4.572084742032581639e-01,-4.682267455417580271e-01,-1.060048767328509944e+00,-2.598279209846530158e-01,-4.016488120575264498e-01,8.787975945776704823e-02,1.281452868553556723e-01,-2.169447217068522504e-01,-5.127442261348462704e-01,-6.545443053504331754e-01,-8.815132354982060381e-01,4.063522210839717874e-01,-9.534875570133459766e-01
2.940189955367029206e+00,-4.682267455417580271e-01,9.782727739124593702e-01,-2.598279209846530158e-01,1.287702510531511191e+00,-2.349941966295580720e+00,1.093761848807172310e+00,-1.100657689618540047e+00,1.662685160476103707e+00,1.516139523035652914e+00,7.894175759310980700e-01,4.227304638797115821e-01,2.038463564435190722e+00
-2.900517060893200716e-01,-4.682267455417580271e-01,-4.666868382412811544e-01,-2.598279209846530158e-01,-1.526917750444048150e-01,-1.004229191646408559e+00,1.024789237239185136e+00,1.249683360027348429e-02,-6.272405096406857838e-01,-5.900104618038198856e-01,1.160735534026499538e+00,1.665999438509408181e-01,1.050670697599521031e+00
-4.629509374530931254e-01,3.512924485222181481e+00,-1.470614600902313551e+00,-2.598279209846530158e-01,-1.353020346357668879e+00,1.457047222989712232e+00,-1.741375500382184915e+00,2.352141602507470175e+00,-5.127442261348462704e-01,-1.065214218828882009e+00,-2.781215535931805261e-01,4.105097750244287580e-01,-1.154855799839350494e+00
-4.635162504370949343e-01,3.512924485222181481e+00,-1.216731134911445578e+00,-2.598279209846530158e-01,-1.379694314609074768e+00,1.221034416106796971e+00,-1.781307012342598250e+00,1.688604648327224345e+00,-9.707293601582042131e-01,-7.190781488970465762e-01,-1.484904917403233160e+00,3.952654105760859959e-01,-7.412345443048550253e-01
5.193410910519234980e-01,-4.682267455417580271e-01,9.782727739124593702e-01,-2.598279209846530158e-01,5.230487539912099804e-01,-2.228948682389925717e-01,5.528713686161168539e-01,-8.357778258106051128e-01,1.662685160476103707e+00,1.516139523035652914e+00,7.894175759310980700e-01,-4.545924454415747995e+00,1.359526043015081509e+00
1.691959996029417101e-01,-4.682267455417580271e-01,9.782727739124593702e-01,-2.598279209846530158e-01,1.910095103064315181e+00,2.095509580371573699e-01,6.581453546935707166e-01,-5.986945867297197577e-01,1.662685160476103707e+00,1.516139523035652914e+00,7.894175759310980700e-01,1.412766607590653922e-01,-7.493981217167200448e-01
-2.396578921105176341e-01,-4.682267455417580271e-01,-4.666868382412811544e-01,-2.598279209846530158e-01,-1.526917750444048150e-01,-2.331562946252058177e-01,9.812275878278254870e-01,-5.699925885991080632e-03,-6.272405096406857838e-01,-5.900104618038198856e-01,1.160735534026499538e+00,-1.449302687673415413e+00,9.581501535983838469e-01
-4.551663682882098882e-01,-4.682267455417580271e-01,-1.290720030714498590e+00,-2.598279209846530158e-01,-5.972579125678362244e-01,-1.627922279768830305e-01,-2.784301076506726091e-01,-5.606294494316809152e-01,-7.417367931465251862e-01,-1.258815749468721990e+00,-3.245362983551046687e-01,4.227304638797115821e-01,-5.235391466551206907e-01
-4.531842832578827918e-01,-4.682267455417580271e-01,-1.290720030714498590e+00,-2.598279209846530158e-01,-5.972579125678362244e-01,-9.543879777705136513e-01,7.234878288106109112e-01,-3.743634074462958150e-01,-7.417367931465251862e-01,-1.258815749468721990e+00,-3.245362983551046687e-01,3.483984388836592894e-01,9.281094794068986409e-02
-2.335469285451851895e-01,-4.682267455417580271e-01,1.192985648007593102e+00,-2.598279209846530158e-01,2.808118700861645944e+00,-1.950424251906979489e-01,9.957481376316118515e-01,-1.028634820050857712e+00,-5.127442261348462704e-01,-2.680600903337589450e-02,-1.763393385974784788e+00,1.191030397432938925e-01,1.091381027644198337e-01
-4.296072422386890133e-01,-4.682267455417580271e-01,-1.112499858540659803e-01,-2.598279209846530158e-01,-5.883665898173676689e-01,-6.919886458944765062e-01,1.027343246987288128e-01,2.785229499742723491e-01,-6.272405096406857838e-01,-7.660118532945835446e-01,4.678165974029681318e-02,3.286185610457267314e-01,6.479342119475122175e-01
-4.518666154630737730e-01,8.588236647128886236e-01,-9.323816530016735271e-01,-2.598279209846530158e-01,-1.130737277595953438e+00,5.144619135132227905e-01,-1.004457597840008543e+00,1.154928557777302744e+00,-3.982479426290068125e-01,-6.310774531516647468e-01,-8.815132354982060381e-01,2.574361981257776710e-01,-8.065431635997752924e-01
-4.597349346996609798e-01,3.070574348470632486e+00,-9.294801276760635833e-01,-2.598279209846530158e-01,-1.281889764353920214e+00,5.496439468373841564e-01,-1.686923438617984550e+00,6.423626186523914150e-01,-6.272405096406857838e-01,-9.537466708847315289e-01,3.252701283118467068e-01,4.227304638797115821e-01,-1.169822358427769604e+00
3.266545094135609451e-01,-4.682267455417580271e-01,9.782727739124593702e-01,3.848701079585173268e+00,6.742012407491767556e-01,6.273376037615737699e-01,9.775974503768785073e-01,-1.153433068181065835e+00,1.662685160476103707e+00,1.516139523035652914e+00,7.894175759310980700e-01,1.509776199534652308e-01,-1.301800193252920845e+00
-4.467299443985641161e-01,-4.682267455417580271e-01,3.718539808599857777e-01,-2.598279209846530158e-01,-1.050715372841735773e+00,6.200080134857068881e-01,-1.407402854895090094e+00,1.045318156147441391e+00,-6.272405096406857838e-01,-6.956112966982780366e-01,-1.160001704069757666e+00,4.227304638797115821e-01,-9.562087494839677237e-01
-4.479150079131751228e-01,-4.682267455417580271e-01,-1.228337236213885353e+00,-2.598279209846530158e-01,-9.795847908379868851e-01,2.659100028231893731e+00,2.225288605799691510e-01,-1.320742712945369157e-01,-8.562330766523646997e-01,-7.718785663442756517e-01,-2.317068088312547181e-01,4.227304638797115821e-01,-1.236491573958000467e+00
-4.186555245288676175e-01,-4.682267455417580271e-01,-7.481347948254435387e-01,-2.598279209846530158e-01,-4.283227803089323382e-01,-2.478154751769393871e-01,-3.038410698072994687e-01,-5.723353083528093244e-02,-1.692553756173278690e-01,-5.900104618038198856e-01,-5.101952774028062354e-01,1.688677005457357161e-01,-3.289738850056704300e-01
3.548601377289269942e-01,-4.682267455417580271e-01,9.782727739124593702e-01,-2.598279209846530158e-01,1.225463251278230636e+00,2.198123844233719204e-01,9.485563507693051122e-01,-1.000551632182292039e+00,1.662685160476103707e+00,1.516139523035652914e+00,7.894175759310980700e-01,4.227304638797115821e-01,8.261723187732326057e-01
2.457226276224370454e-01,-4.682267455417580271e-01,9.782727739124593702e-01,-2.598279209846530158e-01,1.403289706287603300e+00,6.149323446464502463e-02,7.960905778295445101e-01,-6.703353721087143002e-01,1.662685160476103707e+00,1.516139523035652914e+00,7.894175759310980700e-01,2.739404274045622589e-01,5.404471093579560348e-01
-2.674308117220798864e-01,-4.682267455417580271e-01,1.192985648007593102e+00,3.848701079585173268e+00,2.808118700861645944e+00,-1.847809988044847029e-01,9.485563507693051122e-01,-9.658774920588586443e-01,-5.127442261348462704e-01,-2.680600903337589450e-02,-1.763393385974784788e+00,-5.332549694593509138e-01,2.479189187661254290e-01
-4.518010112402390255e-01,-4.682267455417580271e-01,2.073598584330203831e+00,-2.598279209846530158e-01,2.296351032257452629e-01,-4.310552320736131260e-01,8.360220897899582893e-01,-8.046857249561215619e-01,-8.562330766523646997e-01,-1.288149314717182525e+00,2.788553835499225086e-01,1.857498892736524354e-01,6.302464608884714714e-01
-4.337765999750179402e-01,-4.682267455417580271e-01,-1.953942202967536845e-01,-2.598279209846530158e-01,-7.266987029018714961e-02,-2.390199668459000171e-01,9.267755260636253434e-01,-5.844619507010929693e-01,-3.982479426290068125e-01,1.433286694076957024e-01,-3.245362983551046687e-01,4.227304638797115821e-01,5.159563771223609763e-01
8.925537439172332999e-01,-4.682267455417580271e-01,9.782727739124593702e-01,-2.598279209846530158e-01,1.643355420550256296e+00,2.212783024785445196e-01,9.921180001806654269e-01,-8.150975190978686502e-01,1.662685160476103707e+00,1.516139523035652914e+00,7.894175759310980700e-01,2.849012514294039788e-01,8.465812623028949879e-01
-4.629648957983771851e-01,1.079998733088662899e+00,-1.427091721018165060e+00,-2.598279209846530158e-01,-1.006258759089392774e+00,1.445319878548324999e+00,-7.467178388227945218e-01,1.559937797786550506e+00,-9.707293601582042131e-01,-7.249448619467386834e-01,-1.392075427879383209e+00,3.955173835421740836e-01,-1.062335255838213088e+00
-1.417987249934946625e-01,-4.682267455417580271e-01,1.192985648007593102e+00,-2.598279209846530158e-01,4.430268492369923705e-01,-5.497945945426583325e-01,9.957481376316118515e-01,-6.605444647735849717e-01,-5.127442261348462704e-01,-2.680600903337589450e-02,-1.763393385974784788e+00,-1.917056139266413717e-01,-1.725053179449240470e-01
-4.469114028872560596e-01,-4.682267455417580271e-01,-4.057548064034728341e-01,-2.598279209846530158e-01,-3.127355845528401179e-01,3.209607302303357779e-01,9.884878627297184472e-01,-6.394343133485745900e-01,-5.127442261348462704e-01,-1.382735569775262463e-01,1.114320789264573897e+00,4.018167076943819360e-01,-1.398510082974638580e-01
-4.568999947724818878e-01,-4.682267455417580271e-01,2.137208506142451447e-01,-2.598279209846530158e-01,-1.050715372841735773e+00,-3.379143912162459878e-02,-5.869917909811404044e-01,5.933603214531594228e-01,-5.127442261348462704e-01,-5.613957428183651704e-02,9.319640450222096972e-02,2.904446566833468468e-01,-1.303268346502879371e-01
-4.587871630548778223e-01,7.703536373625787803e-01,5.343393990941411875e-01,-2.598279209846530158e-01,-8.106496585790828879e-01,-8.870832183677757402e-03,2.697206474422758626e-01,-7.485716403851339074e-02,-6.272405096406857838e-01,-8.070788446424284057e-01,-1.388773193074047396e-01,4.227304638797115821e-01,-3.684311758296848760e-01
-4.408130018326791855e-01,6.376485963371141263e-01,-9.033663997455743111e-01,-2.598279209846530158e-01,-9.084542088342377752e-01,-4.237256417977463552e-01,8.541727770446917445e-01,1.455151209038875182e+00,-1.692553756173278690e-01,-7.249448619467386834e-01,5.573438521214724162e-01,1.856239027906083916e-01,1.553983747649883562e-01
