-4.155941184802351973e-01,-4.747866191779331335e-01,-4.002031680074500941e-01,-2.510482226267174988e-01,-3.352309838274659115e-01,-6.765395620297112167e-01,8.322630173820358968e-01,-7.168133805687275650e-01,-5.388452055158744480e-01,-1.550897495668007720e-01,1.081343787428581615e+00,4.273240067446800183e-01,8.048303214338201617e-01
-4.278038695674054592e-01,-4.747866191779331335e-01,-1.359917833892978045e+00,-2.510482226267174988e-01,-8.714118725946593536e-01,1.166357471984710070e+00,-4.604783899872096353e-01,1.203369089178303319e+00,-7.672000413542601205e-01,-1.124660902059920753e+00,9.027520174977680945e-02,4.409530193723565916e-01,-9.867514469470221039e-01
1.004035971214536804e+00,-4.747866191779331335e-01,1.034856065934232738e+00,-2.510482226267174988e-01,4.776884281744077088e-01,-9.408146515756397044e-01,6.848150584513257311e-01,-8.463479167237645262e-01,1.630525734948789163e+00,1.532682256624926742e+00,7.660037828944167293e-01,-7.263774524372166308e-01,1.919561381017390600e-01
-4.087141060223055122e-01,-4.747866191779331335e-01,-4.002031680074500941e-01,-2.510482226267174988e-01,-3.352309838274659115e-01,1.233142994151444072e-01,6.093765678356142246e-01,-4.656719415337307044e-01,-5.388452055158744480e-01,-1.550897495668007720e-01,1.081343787428581615e+00,-3.172397401672749417e+00,-2.744196110566645697e-01
3.047946035488300828e-03,-4.747866191779331335e-01,1.034856065934232738e+00,-2.510482226267174988e-01,2.095979837908107934e-01,-7.417526796404899300e-03,-5.393459029036358210e-01,1.710316869111586369e-01,1.630525734948789163e+00,1.532682256624926742e+00,7.660037828944167293e-01,3.492064953421407658e-01,-2.811397227160076784e-01
-3.919587177951931456e-01,4.585216352258726369e-01,-8.063520078022660131e-01,-2.510482226267174988e-01,-1.104910001573921052e+00,2.729516512277644136e+00,-2.030970603714303824e+00,2.621617696156759880e+00,-3.104903696774888311e-01,-4.782801337311741174e-01,2.704694900550150827e-01,4.409530193723565916e-01,-1.227331444351501322e+00
-4.104675768832823368e-01,4.585216352258726369e-01,-8.063520078022660131e-01,-2.510482226267174988e-01,-1.104910001573921052e+00,1.697030119418224681e-01,-2.013825492210732815e+00,1.868741831668283782e+00,-3.104903696774888311e-01,-4.782801337311741174e-01,2.704694900550150827e-01,2.212267426188319064e-01,-1.220611332692158379e+00
-4.326208345092846241e-01,7.130602500632742258e-01,5.745540475001078562e-01,-2.510482226267174988e-01,-8.195233994881566675e-01,-1.493951014992702941e-01,-1.328021032067896900e+00,8.589993765234758133e-03,-6.530226234350673398e-01,-8.373805605804778285e-01,-1.349676586317698490e-01,4.346371354717258328e-01,-8.684774817425853222e-01
-2.657279402314266514e-01,-4.747866191779331335e-01,1.257485800340279569e+00,-2.510482226267174988e-01,2.700244692902935117e+00,2.709147483636671905e-01,1.110013823739884220e+00,-9.387372529421185163e-01,-5.388452055158744480e-01,-4.137461439785458661e-02,-1.711667681302596389e+00,7.983958722927186891e-02,-7.098828465820907763e-01
-4.301621504186033951e-01,9.251757624277754388e-01,-1.359917833892978045e+00,-2.510482226267174988e-01,-7.503387686794870115e-01,7.474533406831863624e-01,9.159420042777295656e-02,-2.323302828710774315e-01,-3.104903696774888311e-01,-1.124660902059920753e+00,-4.487051447915150343e-02,4.409530193723565916e-01,-6.910665339359303161e-01
-4.327929543483989283e-01,-4.747866191779331335e-01,-6.243371573757003912e-01,-2.510482226267174988e-01,-7.762830052327382990e-01,1.458057963977765770e-01,3.864901182891926079e-01,6.573595797734496093e-01,-8.813774592734530122e-01,-1.004960759776819534e+00,-3.151619469370064985e-01,4.409530193723565916e-01,-4.746789385050858567e-01
-4.264783077508932374e-01,-4.747866191779331335e-01,-7.913094581802357919e-01,-2.510482226267174988e-01,-5.168406397002250907e-01,-6.568595021699089598e-01,-8.959642221779103854e-01,1.423625728660678491e-01,-5.388452055158744480e-01,-7.835154965530822802e-01,3.155180621313234401e-01,4.409530193723565916e-01,-5.244077647842241285e-01
-4.303904482607618931e-01,-4.747866191779331335e-01,1.067307542549681409e-01,-2.510482226267174988e-01,1.231171952799730712e-01,-4.038301611152965154e-01,4.516415420027617422e-01,-5.702269539729581949e-01,-9.955548771926457929e-01,-8.194255392380126457e-01,1.126392359504891694e+00,4.409530193723565916e-01,-6.440257523205293877e-01
-1.957839358880158753e-01,-4.747866191779331335e-01,1.257485800340279569e+00,-2.510482226267174988e-01,3.998557185146537907e-01,2.265629387010856366e+00,9.797109763127453963e-01,-7.991311323747191109e-01,-5.388452055158744480e-01,-4.137461439785458661e-02,-1.711667681302596389e+00,1.351312726049698487e-01,-1.205827087041603685e+00
-3.980151846340273525e-01,-4.747866191779331335e-01,-1.986330030722451845e-01,-2.510482226267174988e-01,-1.276770914014553615e-01,-5.668935142393802806e-01,5.339380772199021630e-01,1.744719805965697090e-01,-6.530226234350673398e-01,-6.338903186992057570e-01,-4.487051447915150343e-02,3.722539313304074615e-01,7.604775844821561881e-01
-4.327953449017199472e-01,-4.747866191779331335e-01,-6.243371573757003912e-01,-2.510482226267174988e-01,-7.762830052327382990e-01,1.219774777318460623e+00,-2.238758512379313281e-01,6.573595797734496093e-01,-8.813774592734530122e-01,-1.004960759776819534e+00,-3.151619469370064985e-01,3.958553922222383670e-01,-1.161474350089939822e+00
-4.214700985433315061e-01,-4.747866191779331335e-01,-1.253115731576563308e+00,-2.510482226267174988e-01,-9.838368976587483772e-01,4.325723829263360409e-01,-3.370335871614993928e-01,-7.651988045210485201e-02,-8.813774592734530122e-01,-8.014705178955474629e-01,-2.250648027843881738e-01,9.700034438056091141e-03,-8.093404991403669868e-01
-3.179125239528917124e-01,-4.747866191779331335e-01,-4.633818764199769680e-01,-2.510482226267174988e-01,-1.795655645079579921e-01,-7.088710889422457084e-01,1.110013823739884220e+00,2.226360921923225267e-01,-6.530226234350673398e-01,-6.159352973567405742e-01,1.126392359504891694e+00,4.148030439241311984e-01,9.688010459217890613e-01
-3.575694129954892775e-01,3.736754302800721073e-01,-1.090656195658637140e+00,-2.510482226267174988e-01,7.630750302601722046e-01,7.376133107532839572e-01,1.110013823739884220e+00,-8.166816161031922316e-01,-5.388452055158744480e-01,-8.732906032654081940e-01,-2.477493406599854620e+00,3.858829439580847009e-01,-7.757399408436520538e-01
-4.306259177628835033e-01,-4.747866191779331335e-01,-1.200466807899457589e+00,-2.510482226267174988e-01,-8.541157148924917175e-01,-2.435782451140426352e-01,-1.214863296144328864e+00,1.109334395110404881e+00,-6.530226234350673398e-01,1.202205776843320861e-01,-7.205990956237914302e-01,1.270425090129337076e-01,-4.813990501644289099e-01
-3.911411485594002424e-01,-4.747866191779331335e-01,-9.483941068023675480e-02,3.983298465677250988e+00,-6.033214282110628268e-01,-1.283809980560779662e+00,7.191052814584675268e-01,8.141259806268057175e-03,-6.530226234350673398e-01,-7.954855107813924020e-01,4.522662967346843810e-02,4.225593925740285806e-01,1.519850201987914762e+00
-3.966346400911314740e-01,-4.747866191779331335e-01,1.604968696609177847e+00,-2.510482226267174988e-01,5.641692166852454449e-01,-6.962196218895145838e-01,9.522787979070320707e-01,-5.877275783726571001e-01,-6.530226234350673398e-01,1.621156274834175126e-01,1.216489503657510074e+00,3.499821302071304263e-01,3.169502149655187284e-01
1.287627311688546605e+00,-4.747866191779331335e-01,1.034856065934232738e+00,-2.510482226267174988e-01,1.567346363410962118e+00,2.020345388543569876e-01,8.802693295920340777e-01,-8.207202217338919192e-01,1.630525734948789163e+00,1.532682256624926742e+00,7.660037828944167293e-01,-3.652293773139978939e+00,7.228449591898357118e-01
-4.265213377106718551e-01,1.222137479738077293e+00,-7.236179848810998516e-01,-2.510482226267174988e-01,-9.665407399565808522e-01,2.315546286440615387e-01,-1.218292318445043154e+00,2.451226494694284941e-01,-6.530226234350673398e-01,-9.331406744069588033e-01,-4.052590910896248788e-01,4.409530193723565916e-01,-7.367632932194626560e-01
-3.909989956762446872e-02,-4.747866191779331335e-01,1.257485800340279569e+00,3.983298465677250988e+00,2.700244692902935117e+00,-1.285215699122194577e+00,1.110013823739884220e+00,-1.160262250685316854e+00,-5.388452055158744480e-01,-4.137461439785458661e-02,-1.711667681302596389e+00,4.409530193723565916e-01,1.901552544238596765e+00
7.262512847573133756e-01,-4.747866191779331335e-01,1.034856065934232738e+00,-2.510482226267174988e-01,1.567346363410962118e+00,1.247200179765581285e-01,1.014001199319887192e+00,-7.895581412500973784e-01,1.630525734948789163e+00,1.532682256624926742e+00,7.660037828944167293e-01,3.197323704725300031e-01,9.204162419745196555e-01
-4.318295613600230953e-01,9.675988649006757036e-01,-7.717541436715965597e-01,-2.510482226267174988e-01,-1.087613843871753527e+00,3.833722332768280117e-01,-9.336834674857664718e-01,9.189216185222269795e-01,-3.104903696774888311e-01,-4.842651408453291784e-01,-1.080987672234264840e+00,4.282104465903823765e-01,-4.262941345578163399e-01
-3.832523225999950878e-01,-4.747866191779331335e-01,-7.552073390873632608e-01,-2.510482226267174988e-01,-4.736002454448062782e-01,3.299549279430763482e-01,-1.585197704621460479e+00,-1.364009343097643268e-01,-1.963129517582959949e-01,-6.159352973567405742e-01,-4.953562352422448134e-01,2.574599713119243294e-01,-1.197762953050392154e+00
-4.324128563703548700e-01,1.858484016831581265e+00,-1.119237039940494727e+00,-2.510482226267174988e-01,-6.465618224664817504e-01,7.825963047185483523e-01,-1.355453210473610337e+00,1.404401902795358481e+00,-5.388452055158744480e-01,-2.388798491649716249e-01,-4.052590910896248788e-01,3.420041715958076489e-01,-1.083521054841561249e+00
-3.954381681539549942e-01,4.585216352258726369e-01,-8.063520078022660131e-01,-2.510482226267174988e-01,-1.104910001573921052e+00,-2.941841133249656348e-01,-1.122279694025046348e+00,2.197215089631865403e+00,-3.104903696774888311e-01,-4.782801337311741174e-01,2.704694900550150827e-01,3.664920723333409125e-01,-4.719908938413486799e-01
4.065581751160229018e+00,-4.747866191779331335e-01,1.034856065934232738e+00,-2.510482226267174988e-01,1.039813553494852938e+00,-1.620465685520013355e-01,3.796320736877641933e-01,-8.903737040312694750e-01,1.630525734948789163e+00,1.532682256624926742e+00,7.660037828944167293e-01,-3.748361691417995356e+00,2.484050760402201907e-01
-4.292023432602090627e-01,-4.747866191779331335e-01,-1.012434937624079989e+00,-2.510482226267174988e-01,-9.492445822544132161e-01,4.396009757334084500e-01,-3.953269662736402790e-01,3.934042932435166118e-01,-7.672000413542601205e-01,-9.750357242060442298e-01,1.780575971584668195e-04,3.899827282444591203e-01,-8.254687671227901591e-01
-4.132597431622475614e-01,4.585216352258726369e-01,-8.063520078022660131e-01,-2.510482226267174988e-01,-1.104910001573921052e+00,5.633042091378853700e-01,-1.718929574349313372e+00,2.083037226739242076e+00,-3.104903696774888311e-01,-4.782801337311741174e-01,2.704694900550150827e-01,4.059386454671053968e-01,-8.214367001271845048e-01
-2.670630642612229488e-01,-4.747866191779331335e-01,1.257485800340279569e+00,3.983298465677250988e+00,2.700244692902935117e+00,-2.646640235352610837e-01,9.728529317113170372e-01,-9.469640421898403160e-01,-5.388452055158744480e-01,-4.137461439785458661e-02,-1.711667681302596389e+00,-3.998351742765322570e-01,3.290464159523360799e-01
-4.278241892706342031e-01,-4.747866191779331335e-01,-1.317798694951293204e+00,-2.510482226267174988e-01,-6.119695070621465893e-01,-2.435782451140426352e-01,-1.861566059300753251e-01,-5.239076375418458831e-01,-7.672000413542601205e-01,-1.298226108370417631e+00,-3.151619469370064985e-01,4.409530193723565916e-01,-4.330142462171594486e-01
-4.266193503968341294e-01,-4.747866191779331335e-01,2.421137008532401602e-01,-2.510482226267174988e-01,-1.053021528467418477e+00,-6.224055069157158337e-02,-2.113267138931443689e+00,3.005662230661957923e-01,-5.388452055158744480e-01,-7.129964996862990512e-02,9.027520174977680945e-02,4.190136331912183709e-01,-7.918682088260752261e-01
-4.229582179856738455e-01,-4.747866191779331335e-01,1.067307542549681409e-01,-2.510482226267174988e-01,1.231171952799730712e-01,6.701388198053874756e-01,7.431084375634668948e-01,-6.281136346796548642e-01,-9.955548771926457929e-01,-8.194255392380126457e-01,1.126392359504891694e+00,4.027253010264333355e-01,-8.321888787821331013e-01
-4.285712371834566325e-01,-4.747866191779331335e-01,1.067307542549681409e-01,-2.510482226267174988e-01,1.231171952799730712e-01,3.875893889610717014e-01,5.044593281920271843e-02,-5.833898167693128967e-01,-9.955548771926457929e-01,-8.194255392380126457e-01,1.126392359504891694e+00,3.865477738423616083e-01,-4.034457549160501699e-01
-3.971593665450979804e-01,-4.747866191779331335e-01,1.604968696609177847e+00,-2.510482226267174988e-01,5.641692166852454449e-01,1.598629820119213674e-01,1.068865556131313843e+00,-9.155028057334013702e-01,-6.530226234350673398e-01,1.621156274834175126e-01,1.216489503657510074e+00,4.409530193723565916e-01,3.653350189127884118e-01
4.905487036868740325e-01,-4.747866191779331335e-01,1.034856065934232738e+00,-2.510482226267174988e-01,1.333848234431700197e+00,-2.288043097196466868e-02,5.510831887234730608e-01,-4.315681606522659974e-01,1.630525734948789163e+00,1.532682256624926742e+00,7.660037828944167293e-01,-9.406742851358136370e-01,4.782328947897507287e-01
-2.864337178215440871e-01,-4.747866191779331335e-01,-4.633818764199769680e-01,-2.510482226267174988e-01,-1.795655645079579921e-01,-1.050460699365970640e+00,1.044862400026314475e+00,7.440430774700861061e-02,-6.530226234350673398e-01,-6.159352973567405742e-01,1.126392359504891694e+00,2.156864935831908359e-01,1.122019591754809476e+00
7.328718371404649434e-02,-4.747866191779331335e-01,1.034856065934232738e+00,-2.510482226267174988e-01,1.826788728943475215e+00,-2.885612390793069748e-01,4.687866535063326401e-01,-5.681827214932211323e-01,1.630525734948789163e+00,1.532682256624926742e+00,7.660037828944167293e-01,3.726971512532589736e-01,-2.390553554705338751e-04
-4.160244180780208745e-01,-4.747866191779331335e-01,-5.777052535474067607e-01,-2.510482226267174988e-01,-5.687291128067277768e-01,1.528343892048489583e-01,-5.256298137007792137e-01,4.446098238944874992e-01,-5.388452055158744480e-01,-7.356354396398417927e-01,4.957123504365616995e-01,4.409530193723565916e-01,-7.354192708875940676e-01
6.620458036610394892e-01,-4.747866191779331335e-01,1.034856065934232738e+00,-2.510482226267174988e-01,1.221423209367611173e+00,-1.098255130454064865e+00,1.110013823739884220e+00,-1.031226307818020604e+00,1.630525734948789163e+00,1.532682256624926742e+00,7.660037828944167293e-01,4.409530193723565916e-01,1.468777353376908179e+00
-4.266313031634392794e-01,2.919061578654087885e+00,-9.432392093627409713e-01,-2.510482226267174988e-01,-1.277871578595596525e+00,1.167763190546123875e+00,-1.369169299676467055e+00,7.319491356194598453e-01,-6.530226234350673398e-01,-9.870057384343543516e-01,3.155180621313234401e-01,4.409530193723565916e-01,-1.224643399687763923e+00
-4.216147270192538987e-01,-4.747866191779331335e-01,-1.253115731576563308e+00,-2.510482226267174988e-01,-9.838368976587483772e-01,2.462429985608888483e+00,2.870484715684812338e-01,-7.651988045210485201e-02,-8.813774592734530122e-01,-8.014705178955474629e-01,-2.250648027843881738e-01,4.409530193723565916e-01,-1.137281948116305008e+00
1.126778931482917967e+00,-4.747866191779331335e-01,1.034856065934232738e+00,-2.510482226267174988e-01,1.836537472375594782e-01,-8.494429450836961104e-01,-3.747528324693551460e-01,-4.113252731699931219e-01,1.630525734948789163e+00,1.532682256624926742e+00,7.660037828944167293e-01,4.409530193723565916e-01,2.806616120050666185e-01
1.359654683251236840e+00,-4.747866191779331335e-01,1.034856065934232738e+00,-2.510482226267174988e-01,4.776884281744077088e-01,-1.424381836702230064e+00,1.017430221620601261e+00,-7.718082202065281727e-01,1.630525734948789163e+00,1.532682256624926742e+00,7.660037828944167293e-01,-8.448419916784211114e-02,1.644844278851694375e+00
-4.318713960431411758e-01,2.919061578654087885e+00,-9.432392093627409713e-01,-2.510482226267174988e-01,-1.277871578595596525e+00,7.643219634201599000e-01,-1.362311255075038696e+00,7.319491356194598453e-01,-6.530226234350673398e-01,-9.870057384343543516e-01,3.155180621313234401e-01,4.409530193723565916e-01,-1.255555913320741901e+00
-4.262308854821664772e-01,4.585216352258726369e-01,-8.063520078022660131e-01,-2.510482226267174988e-01,-1.104910001573921052e+00,8.992709453159528632e-01,-2.085834960525730697e+00,2.621617696156759880e+00,-3.104903696774888311e-01,-4.782801337311741174e-01,2.704694900550150827e-01,3.211728352217966265e-01,-1.228675466683369910e+00
-4.207385892270957828e-01,5.550216173332014197e-02,-7.747626535960024929e-01,-2.510482226267174988e-01,-1.295167736297764050e+00,-6.076593525204009305e-01,-1.187431117738615649e+00,1.420656043975705884e+00,-6.530226234350673398e-01,-3.885050270188482036e-01,1.803723459023951481e-01,4.409530193723565916e-01,-5.217197201204869517e-01
-4.275098315089185252e-01,-4.747866191779331335e-01,-1.012434937624079989e+00,-2.510482226267174988e-01,-9.492445822544132161e-01,-2.759097720265759057e-01,-3.713238101686411885e-01,4.932506537365077826e-02,-7.672000413542601205e-01,-9.750357242060442298e-01,1.780575971584668195e-04,4.215621477476128587e-01,-5.687605017358878801e-01
-4.190472727524656715e-01,-4.747866191779331335e-01,-1.820861984880120243e-01,-2.510482226267174988e-01,-1.017328548482040462e-01,-8.894920335844742898e-02,5.682283002270439587e-01,-6.941273859765251242e-01,-4.246677875966816673e-01,1.321905919126422080e-01,-3.151619469370064985e-01,3.505361551106946916e-01,-2.986120130302995501e-01
2.408840109055023285e-02,-4.747866191779331335e-01,1.034856065934232738e+00,3.983298465677250988e+00,1.826788728943475215e+00,1.092571138009983678e-01,8.014018166756080586e-01,-5.701272353154100969e-01,1.630525734948789163e+00,1.532682256624926742e+00,7.660037828944167293e-01,3.793454500960278808e-01,8.040228455664534535e-02
3.341850015115009342e-01,-4.747866191779331335e-01,1.034856065934232738e+00,-2.510482226267174988e-01,2.182460626418945560e-01,1.514286706434339880e-01,2.459002039599109957e-01,-7.220984694187789765e-01,1.630525734948789163e+00,1.532682256624926742e+00,7.660037828944167293e-01,-2.871561879037439535e+00,-8.625648459506093935e-02
1.907772701464027776e+00,-4.747866191779331335e-01,1.034856065934232738e+00,-2.510482226267174988e-01,9.706289226861827268e-01,1.399706753179517982e+00,1.038004355424886560e+00,-1.162904795110342837e+00,1.630525734948789163e+00,1.532682256624926742e+00,7.660037828944167293e-01,4.409530193723565916e-01,1.032506641984115153e-01
-4.312630002229385640e-01,2.919061578654087885e+00,-1.459198661398377617e+00,-2.510482226267174988e-01,-1.338408130553182529e+00,1.363158070582740855e+00,-1.149711872430759563e+00,1.825015200333423460e+00,-8.813774592734530122e-01,-4.842651408453291784e-01,-2.657687694905092268e+00,4.409530193723565916e-01,-1.154754238430596880e+00
-2.208739882689057799e-01,-4.747866191779331335e-01,1.257485800340279569e+00,-2.510482226267174988e-01,3.998557185146537907e-01,-6.189051010117170293e-01,3.967771851913350356e-01,-6.096656830332485288e-01,-5.388452055158744480e-01,-4.137461439785458661e-02,-1.711667681302596389e+00,-1.434864499114996805e+00,-7.147223894450618897e-02
-4.193711927274654805e-01,-4.747866191779331335e-01,-4.002031680074500941e-01,-2.510482226267174988e-01,-3.352309838274659115e-01,-2.112467182015093647e-01,7.671115936684662628e-01,-6.121087901431780942e-01,-5.388452055158744480e-01,-1.550897495668007720e-01,1.081343787428581615e+00,3.943041224922589905e-01,-4.593581463900287681e-02
8.891937896721661128e-01,-4.747866191779331335e-01,1.034856065934232738e+00,-2.510482226267174988e-01,1.377088628687119121e+00,1.317486107836305376e-01,1.110013823739884220e+00,-8.923680771822323221e-01,1.630525734948789163e+00,1.532682256624926742e+00,7.660037828944167293e-01,-4.249879048983425389e-01,3.156061926336501400e-01
-4.074757994020109519e-01,-4.747866191779331335e-01,-2.302223572785087602e-01,-2.510482226267174988e-01,2.268941414929783462e-01,-4.192930652908562483e-01,-7.985691460793596652e-02,-6.180420502672924199e-01,-4.246677875966816673e-01,-1.131946997677153316e-01,3.155180621313234401e-01,4.409530193723565916e-01,3.336150294124443777e-02
-4.256499810251556659e-01,-4.747866191779331335e-01,2.421137008532401602e-01,-2.510482226267174988e-01,-1.053021528467418477e+00,-2.492011193597012952e-01,-7.485162632472007749e-01,2.202927037399408927e-01,-5.388452055158744480e-01,-7.129964996862990512e-02,9.027520174977680945e-02,3.308128685438121441e-01,-3.228044150039343085e-01
-4.257013779215578775e-01,1.434252992102578839e+00,-1.170381708655397368e+00,-2.510482226267174988e-01,-1.053021528467418477e+00,1.209934747388559551e+00,-1.417175611886465569e+00,1.411581646138824864e+00,-5.388452055158744480e-01,-7.129964996862990512e-02,-1.486424820921049772e+00,3.699270267354384245e-01,-1.317380940586697191e+00
-4.344316786499662908e-01,2.706946066289586561e+00,-1.086143430772028129e+00,-2.510482226267174988e-01,-1.286519657446680398e+00,-6.034421968361572963e-01,-6.867938618343454316e-01,1.830350148512249087e+00,-7.672000413542601205e-01,3.536358551363795177e-01,1.171440931581201550e+00,4.409530193723565916e-01,2.860377013325411388e-01
-3.493040748880216206e-01,-4.747866191779331335e-01,-4.633818764199769680e-01,-2.510482226267174988e-01,-1.795655645079579921e-01,-8.297628852238926322e-01,6.416202202205963101e-02,7.370627714417168908e-02,-6.530226234350673398e-01,-6.159352973567405742e-01,1.126392359504891694e+00,3.750240558482279551e-01,-1.870581594852058493e-01
3.280974574794932597e-01,-4.747866191779331335e-01,1.034856065934232738e+00,-2.510482226267174988e-01,2.182460626418945560e-01,-2.182753110085817461e-01,1.020859243921315773e+00,-7.193063470074311239e-01,1.630525734948789163e+00,1.532682256624926742e+00,7.660037828944167293e-01,-6.021650690581440424e-01,1.535978469970338045e+00
-4.281182273291211371e-01,-4.747866191779331335e-01,-1.078622155961012963e+00,-2.510482226267174988e-01,-4.217117723383036476e-01,7.629162448587460954e-01,2.321841147570545827e-01,-3.656541280129440019e-01,-5.388452055158744480e-01,-6.817703756124462444e-01,-8.557448118527181125e-01,3.785698152310381648e-01,-7.730518961799148769e-01
-3.629613060110766232e-01,3.736754302800721073e-01,-1.090656195658637140e+00,-2.510482226267174988e-01,7.630750302601722046e-01,3.355061272107101367e+00,6.608119023463269182e-01,-9.212366285424196111e-01,-5.388452055158744480e-01,-8.732906032654081940e-01,-2.477493406599854620e+00,3.611734332591253205e-01,-1.014975915916262572e+00
-4.318164133167574081e-01,2.919061578654087885e+00,-1.140296609411336703e+00,-2.510482226267174988e-01,-1.442185076766187901e+00,-6.203108195731307228e-01,-1.664065217537886499e+00,2.777976551192246735e+00,-9.955548771926457929e-01,-5.680552404435000868e-01,-9.458419560053380470e-01,4.218945626897516177e-01,-4.598946928545313284e-01
-4.123883864767314278e-01,-4.747866191779331335e-01,-9.483941068023675480e-02,-2.510482226267174988e-01,-6.033214282110628268e-01,-1.901609397802909163e-01,-8.651030214714828803e-01,1.479468176887636377e-01,-6.530226234350673398e-01,-7.954855107813924020e-01,4.522662967346843810e-02,4.047197906792642241e-01,-4.303262015534220497e-01
1.725552774568373415e+00,-4.747866191779331335e-01,1.034856065934232738e+00,-2.510482226267174988e-01,1.039813553494852938e+00,1.640801376961650571e-01,1.110013823739884220e+00,-9.044340347455575024e-01,1.630525734948789163e+00,1.532682256624926742e+00,7.660037828944167293e-01,-3.654953092677086790e+00,2.201269524245294651e+00
-4.334431848517196206e-01,2.070599529196082589e+00,-1.247098711727751441e+00,-2.510482226267174988e-01,-1.364352367106433928e+00,6.785731311738748550e-01,-1.979535269203591019e+00,1.281847672668691374e+00,-9.955548771926457929e-01,-8.673055961512531331e-01,-1.306230532615812123e+00,4.018388611807309219e-01,-1.027072116903080090e+00
-3.954106767907631936e-01,-4.747866191779331335e-01,1.604968696609177847e+00,-2.510482226267174988e-01,5.641692166852454449e-01,1.978173831701132979e-01,1.072294578432028356e+00,-7.629332596847433479e-01,-6.530226234350673398e-01,1.621156274834175126e-01,1.216489503657510074e+00,4.203432929597722967e-01,-9.647211678550763475e-03
3.768707216118458714e-01,-4.747866191779331335e-01,1.034856065934232738e+00,-2.510482226267174988e-01,1.333848234431700197e+00,-3.321385144831562886e-01,5.750863448284724289e-01,-4.642758803280568891e-01,1.630525734948789163e+00,1.532682256624926742e+00,7.660037828944167293e-01,4.409530193723565916e-01,2.725974780138549214e-01
-4.182882720730380921e-01,-4.747866191779331335e-01,-4.002031680074500941e-01,-2.510482226267174988e-01,-3.352309838274659115e-01,5.759556761906163835e-01,4.207803412963344036e-01,-4.342107050772918142e-01,-5.388452055158744480e-01,-1.550897495668007720e-01,1.081343787428581615e+00,4.172407534998129885e-01,-4.370463132127651584e-01
-1.594821884314865379e-01,-4.747866191779331335e-01,1.257485800340279569e+00,-2.510482226267174988e-01,3.998557185146537907e-01,-6.146879453274733951e-01,1.017430221620601261e+00,-6.282133533372029621e-01,-5.388452055158744480e-01,-4.137461439785458661e-02,-1.711667681302596389e+00,-9.944287156407326245e-02,-8.625648459506093935e-02
1.198854114112028579e+00,-4.747866191779331335e-01,1.034856065934232738e+00,-2.510482226267174988e-01,1.567346363410962118e+00,-5.373734244496757295e-01,6.951021253534687139e-01,-9.114642001027015716e-01,1.630525734948789163e+00,1.532682256624926742e+00,7.660037828944167293e-01,-3.192896323104621903e+00,2.869248623183988212e+00
1.391281703688488358e+00,-4.747866191779331335e-01,1.034856065934232738e+00,-2.510482226267174988e-01,9.706289226861827268e-01,4.663096284002842817e-01,8.802693295920340777e-01,-1.148645027080958503e+00,1.630525734948789163e+00,1.532682256624926742e+00,7.660037828944167293e-01,6.554574471731768048e-02,1.420392549429638329e+00
5.441389327611060311e-01,-4.747866191779331335e-01,1.034856065934232738e+00,-2.510482226267174988e-01,1.333848234431700197e+00,-5.359677058882608147e-01,4.344964304991908444e-01,-4.335126744744549065e-01,1.630525734948789163e+00,1.532682256624926742e+00,7.660037828944167293e-01,-3.918114921870037737e+00,5.736584803524213960e-01
5.369540397152991473e-02,-4.747866191779331335e-01,1.257485800340279569e+00,-2.510482226267174988e-01,2.700244692902935117e+00,-1.193843992630250872e+00,1.110013823739884220e+00,-1.115289136131104808e+00,-5.388452055158744480e-01,-4.137461439785458661e-02,-1.711667681302596389e+00,4.409530193723565916e-01,1.847791650963853005e+00
-4.309163699913888812e-01,2.919061578654087885e+00,-1.400532717872459587e+00,-2.510482226267174988e-01,-1.260575420893428999e+00,-9.197288731544213114e-01,-1.568052593117889471e+00,3.458755826273414602e+00,-6.530226234350673398e-01,-4.543401052745538737e-01,1.576878080267984927e+00,2.847179965672787527e-01,-6.211773726787630512e-01
-4.319610417926798562e-01,-4.747866191779331335e-01,-9.071370902698684402e-01,-2.510482226267174988e-01,-3.784713780828847796e-01,-6.301508495030331281e-01,-7.313711517436298770e-01,7.889882077369972935e-01,-5.388452055158744480e-01,-1.112690887831610631e+00,7.660037828944167293e-01,4.409530193723565916e-01,-3.859734646017582982e-01
-4.334551376183247151e-01,3.025119334836338325e+00,-1.382481658326023544e+00,-2.510482226267174988e-01,-1.243279263191261474e+00,1.817205165919627996e+00,-1.780651975762168382e+00,1.306976774370823158e+00,-8.813774592734530122e-01,-3.705500056763830208e-01,-1.711667681302596389e+00,4.241106623040079571e-01,-1.285124404621851069e+00
-4.339320530058705661e-01,3.555408115747591857e+00,-1.466719936209392561e+00,-2.510482226267174988e-01,-1.347056209404266403e+00,1.149488849247735311e+00,-1.842374377175023836e+00,1.996730728631324947e+00,-7.672000413542601205e-01,-4.735962151200965448e-02,-6.755505235474814629e-01,3.013387436742019920e-01,-1.105025412151458886e+00
-4.057498199042259834e-01,-4.747866191779331335e-01,-1.986330030722451845e-01,-2.510482226267174988e-01,-1.276770914014553615e-01,-8.606886935750122092e-01,3.453418506806223975e-01,1.477473803736673863e-01,-6.530226234350673398e-01,-6.338903186992057570e-01,-4.487051447915150343e-02,4.356343802981416102e-01,-1.574896681840965984e-01
-1.574394606186648171e-01,-4.747866191779331335e-01,1.257485800340279569e+00,-2.510482226267174988e-01,2.700244692902935117e+00,-1.590256626949142493e+00,8.974144410956049756e-01,-1.056554846835248807e+00,-5.388452055158744480e-01,-4.137461439785458661e-02,-1.711667681302596389e+00,-1.269658652513329291e-03,2.103155894018886585e+00
-3.714525514073818147e-01,3.736754302800721073e-01,-1.090656195658637140e+00,-2.510482226267174988e-01,1.404133529821406101e-01,1.620404567321595879e+00,-5.153427467986365640e-01,-3.872432173721168103e-01,-5.388452055158744480e-01,-8.732906032654081940e-01,-2.477493406599854620e+00,3.678217321018948383e-01,-1.278404292962507904e+00
-4.274930976356712820e-01,-4.747866191779331335e-01,2.170568562397513723e+00,-2.510482226267174988e-01,1.923018260886432407e-01,-4.403788437120746968e-01,5.647992779263295571e-01,-7.235942492820012228e-01,-8.813774592734530122e-01,-1.328151143941193046e+00,2.704694900550150827e-01,2.278750414616014519e-01,2.148045177435052300e-01
-3.974928487333819205e-01,-4.747866191779331335e-01,1.604968696609177847e+00,-2.510482226267174988e-01,5.641692166852454449e-01,-5.275333945197734353e-01,8.871273741934625479e-01,-8.385200021062353404e-01,-6.530226234350673398e-01,1.621156274834175126e-01,1.216489503657510074e+00,2.343017303429449083e-01,5.682823910249465982e-01
-4.039784198933413228e-01,-4.747866191779331335e-01,-2.302223572785087602e-01,-2.510482226267174988e-01,2.268941414929783462e-01,-7.355797416091215402e-01,1.018812673299153981e-01,-3.769223363158840101e-01,-4.246677875966816673e-01,-1.131946997677153316e-01,3.155180621313234401e-01,4.409530193723565916e-01,1.919561381017390600e-01
7.502369015038863331e-01,-4.747866191779331335e-01,1.034856065934232738e+00,-2.510482226267174988e-01,1.567346363410962118e+00,-9.316635904268986967e-02,9.934270655156018925e-01,-7.232950933093568180e-01,1.630525734948789163e+00,1.532682256624926742e+00,7.660037828944167293e-01,3.480984455350122908e-01,5.064573637589914190e-01
-4.343456187304091110e-01,3.767523628112093181e+00,-1.489283760642437837e+00,-2.510482226267174988e-01,-1.277871578595596525e+00,7.010646281565070526e-01,-9.302544451850521812e-01,2.331486262020438627e+00,-5.388452055158744480e-01,-9.211706601786486814e-01,-1.531473392997358962e+00,3.966310270872280275e-01,-1.172226528744888752e+00
-4.343372517937854616e-01,2.070599529196082589e+00,-1.247098711727751441e+00,-2.510482226267174988e-01,-1.364352367106433928e+00,4.030522931366314898e-01,-1.674352284440029148e+00,1.281847672668691374e+00,-9.955548771926457929e-01,-8.673055961512531331e-01,-1.306230532615812123e+00,2.171269583324574592e-01,-1.114433568474539005e+00
-4.002993583322733140e-01,3.736754302800721073e-01,-6.408839619599335791e-01,-2.510482226267174988e-01,-8.195233994881566675e-01,-6.484251908014215804e-01,-8.753900883736253080e-01,3.890665316401722973e-01,-7.672000413542601205e-01,-1.118675894945765803e+00,4.522662967346843810e-02,3.495389102842789142e-01,4.411368159619323548e-02
3.961122852928313787e-01,-4.747866191779331335e-01,1.034856065934232738e+00,-2.510482226267174988e-01,1.221423209367611173e+00,-8.494429450836961104e-01,1.007143154718458833e+00,-8.586631709309601179e-01,1.630525734948789163e+00,1.532682256624926742e+00,7.660037828944167293e-01,4.135841891362900258e-01,5.965068599941872884e-01
-4.209370051527414058e-01,5.857909426445734313e-01,-9.161626200430865730e-01,-2.510482226267174988e-01,-9.146522668500781661e-01,6.251558258401231916e-01,-8.308127984643410846e-01,2.160020030366407884e+00,-1.963129517582959949e-01,-7.535904609823069755e-01,5.407609225128701125e-01,4.263267619182642409e-01,-4.262941345578163399e-01
-4.255077431025542922e-01,-4.747866191779331335e-01,-6.174580151177017778e-02,-2.510482226267174988e-01,-1.260575420893428999e+00,1.401829221521178892e-01,-2.092693005127158834e+00,8.170091505080255834e-01,-6.530226234350673398e-01,-6.279053115850506961e-01,3.155180621313234401e-01,2.950228597735712333e-01,-7.999323428172868677e-01
6.863516695131847978e-02,-4.747866191779331335e-01,1.034856065934232738e+00,3.983298465677250988e+00,1.826788728943475215e+00,-7.229282745563905266e-01,7.328213706613244671e-01,-8.695325046037076788e-01,1.630525734948789163e+00,1.532682256624926742e+00,7.660037828944167293e-01,-4.503762603407766157e-02,2.645333440226435018e-01
-4.166806249646441418e-01,3.736754302800721073e-01,-6.408839619599335791e-01,-2.510482226267174988e-01,-8.195233994881566675e-01,-1.086292632182496443e-01,-1.760077841957883527e+00,3.890665316401722973e-01,-7.672000413542601205e-01,-1.118675894945765803e+00,4.522662967346843810e-02,4.409530193723565916e-01,-8.174046331315786285e-01
6.801984703042948111e-01,-4.747866191779331335e-01,1.034856065934232738e+00,-2.510482226267174988e-01,1.039813553494852938e+00,8.817133537978118218e-02,9.591368425084600968e-01,-8.378718308321725372e-01,1.630525734948789163e+00,1.532682256624926742e+00,7.660037828944167293e-01,-3.284088822231273408e+00,1.533290425306600424e+00
-3.421443676915312260e-01,3.736754302800721073e-01,-1.090656195658637140e+00,-2.510482226267174988e-01,7.630750302601722046e-01,9.793969033165803584e-01,5.819443894299004549e-01,-7.557535163412772983e-01,-5.388452055158744480e-01,-8.732906032654081940e-01,-2.477493406599854620e+00,2.987902291178068936e-01,2.846936790006723283e-01
6.674580163798556898e-01,-4.747866191779331335e-01,1.034856065934232738e+00,-2.510482226267174988e-01,6.247057686428318934e-01,-1.423665086921978851e-01,1.110013823739884220e+00,-1.236297727065775565e+00,1.630525734948789163e+00,1.532682256624926742e+00,7.660037828944167293e-01,1.002277036804307409e-01,-4.222620675622106301e-01
5.789872237984478032e-01,-4.747866191779331335e-01,1.034856065934232738e+00,-2.510482226267174988e-01,2.182460626418945560e-01,4.318834141451684955e-02,6.333797239406131485e-01,-7.957406980180822265e-01,1.630525734948789163e+00,1.532682256624926742e+00,7.660037828944167293e-01,-3.032229101071030719e+00,6.677400435832231418e-01
-1.432706510849089121e-01,-4.747866191779331335e-01,1.257485800340279569e+00,-2.510482226267174988e-01,3.998557185146537907e-01,1.190971437309007175e-01,9.454207533056037116e-01,-6.911358262500807426e-01,-5.388452055158744480e-01,-4.137461439785458661e-02,-1.711667681302596389e+00,-2.998890816735669262e-01,-1.816820701577313291e-01
-4.244104791282006794e-01,-4.747866191779331335e-01,-7.913094581802357919e-01,-2.510482226267174988e-01,-5.168406397002250907e-01,-6.695109692226387521e-01,-2.135887843357889004e-01,-1.350048731040904837e-01,-5.388452055158744480e-01,-7.835154965530822802e-01,3.155180621313234401e-01,2.266561866737602515e-01,-1.695858691709139499e-01
-4.208091105500662010e-01,7.979064550090747554e-01,-9.462477192871471265e-01,-2.510482226267174988e-01,-1.130854238127172451e+00,1.064456766781696484e-01,-2.051544737518588679e+00,1.688649936136338514e+00,-4.246677875966816673e-01,-6.578303471558260007e-01,-8.557448118527181125e-01,1.950767671706059025e-01,-1.005567759593182453e+00
-4.316837376074401655e-01,5.857909426445734313e-01,-9.567775040225681149e-01,-2.510482226267174988e-01,-1.148150395829339976e+00,-2.147471241055094043e-02,-1.214863296144328864e+00,8.735496293378220978e-01,-6.530226234350673398e-01,-7.715454823247721583e-01,2.254209179787051154e-01,4.409530193723565916e-01,-7.999323428172868677e-01
-3.714991671971419884e-01,3.736754302800721073e-01,-1.090656195658637140e+00,-2.510482226267174988e-01,7.630750302601722046e-01,1.245077711423922651e+00,4.859317650099035379e-01,-7.661242567262840364e-01,-5.388452055158744480e-01,-8.732906032654081940e-01,-2.477493406599854620e+00,3.955229772801002186e-01,-4.141979335709989885e-01
-4.342631446408334872e-01,2.919061578654087885e+00,-1.385490168250429477e+00,-2.510482226267174988e-01,-1.070317686169586002e+00,4.466295685404808591e-01,-1.300588853662183464e+00,2.341059253145060026e+00,-6.530226234350673398e-01,-7.775304894389272192e-01,-6.755505235474814629e-01,3.749132508675152575e-01,-8.980459730436944898e-01
1.391254127285850295e-01,-4.747866191779331335e-01,1.034856065934232738e+00,-2.510482226267174988e-01,1.333848234431700197e+00,5.394069935938382576e-01,7.671115936684662628e-01,-5.241070748569421900e-01,1.630525734948789163e+00,1.532682256624926742e+00,7.660037828944167293e-01,-1.128821142386184251e+00,5.037693190952542421e-01
-2.887429923296609413e-01,-4.747866191779331335e-01,-4.633818764199769680e-01,-2.510482226267174988e-01,-1.795655645079579921e-01,-2.463896822368713269e-01,8.254049727806074266e-01,1.636525062525962249e-01,-6.530226234350673398e-01,-6.159352973567405742e-01,1.126392359504891694e+00,4.409530193723565916e-01,8.128944554250315813e-01
-4.324224185836390011e-01,-4.747866191779331335e-01,-9.071370902698684402e-01,-2.510482226267174988e-01,-3.784713780828847796e-01,-5.936021669062561124e-01,-2.753111857486439940e-01,9.803981709006569512e-01,-5.388452055158744480e-01,-1.112690887831610631e+00,7.660037828944167293e-01,4.177947784033771983e-01,-2.838277673797447997e-01
-3.771325060981535748e-01,-4.747866191779331335e-01,-1.986330030722451845e-01,-2.510482226267174988e-01,-1.276770914014553615e-01,4.466295685404808591e-01,5.099349211149029060e-01,-1.651199076836295243e-01,-6.530226234350673398e-01,-6.338903186992057570e-01,-4.487051447915150343e-02,4.409530193723565916e-01,-1.092929211164641590e+00
1.193746611902197913e-01,-4.747866191779331335e-01,1.034856065934232738e+00,-2.510482226267174988e-01,4.776884281744077088e-01,9.316024722284873549e-01,-9.894016915099601833e-04,-5.563162012449921479e-01,1.630525734948789163e+00,1.532682256624926742e+00,7.660037828944167293e-01,1.947443522284677264e-01,-1.359853108741989891e-01
-4.249985552451745474e-01,7.979064550090747554e-01,-9.462477192871471265e-01,-2.510482226267174988e-01,-1.130854238127172451e+00,4.058637302594602092e-01,-8.719610660729110174e-01,1.267039452022792112e+00,-4.246677875966816673e-01,-6.578303471558260007e-01,-8.557448118527181125e-01,2.955768846771348324e-01,-7.125708912458278421e-01
-3.932555929718529186e-01,-4.747866191779331335e-01,-7.552073390873632608e-01,3.983298465677250988e+00,-4.476560088915549351e-01,8.908366339474654838e-01,7.156762591577535693e-01,-3.923787282358461304e-01,-1.963129517582959949e-01,-6.159352973567405742e-01,-4.953562352422448134e-01,3.833344294016896026e-01,-3.980696655885756496e-01
-3.607835119356165854e-01,-4.747866191779331335e-01,-4.633818764199769680e-01,-2.510482226267174988e-01,-1.795655645079579921e-01,-5.176933645898722514e-01,-1.998726951329322377e-01,5.279247622759603020e-01,-6.530226234350673398e-01,-6.159352973567405742e-01,1.126392359504891694e+00,4.409530193723565916e-01,-5.929529037095226940e-01
1.515729388317517759e-02,-4.747866191779331335e-01,1.034856065934232738e+00,-2.510482226267174988e-01,8.322596610688424157e-01,-5.134762089056286172e-01,5.853734117306148566e-01,-3.874925140159870551e-01,1.630525734948789163e+00,1.532682256624926742e+00,7.660037828944167293e-01,-3.713014902570605624e+00,6.018829493216615312e-01
-2.838435532982060971e-01,-4.747866191779331335e-01,1.257485800340279569e+00,3.983298465677250988e+00,3.998557185146537907e-01,-9.457207760410485387e-02,8.562661734870347097e-01,-9.225329710905454395e-01,-5.388452055158744480e-01,-4.137461439785458661e-02,-1.711667681302596389e+00,-2.014942588005815549e-01,-9.639030673052558784e-01
-4.251037395912999339e-01,-4.747866191779331335e-01,-6.174580151177017778e-02,-2.510482226267174988e-01,-1.260575420893428999e+00,-3.546300114657884861e-01,-2.051544737518588679e+00,8.170091505080255834e-01,-6.530226234350673398e-01,-6.279053115850506961e-01,3.155180621313234401e-01,3.745808359253771092e-01,-9.612150226415187015e-01
-4.295728790249689899e-01,-4.747866191779331335e-01,-1.078622155961012963e+00,-2.510482226267174988e-01,-4.217117723383036476e-01,-3.200371112161212641e-03,1.978938917499127870e-01,-1.651199076836295243e-01,-5.388452055158744480e-01,-6.817703756124462444e-01,-8.557448118527181125e-01,4.265483718796903023e-01,-8.577253030876366147e-01
-4.235439035493266391e-01,1.222137479738077293e+00,-7.236179848810998516e-01,3.983298465677250988e+00,-9.665407399565808522e-01,1.335043699354451441e+00,-6.387875496243470286e-01,5.676626473088954850e-01,-6.530226234350673398e-01,-9.331406744069588033e-01,-4.052590910896248788e-01,3.561872091270484875e-01,-8.899818390524829592e-01
1.180219750974585091e+00,-4.747866191779331335e-01,1.034856065934232738e+00,-2.510482226267174988e-01,6.247057686428318934e-01,-3.450022283700537873e+00,1.110013823739884220e+00,-1.066028119302322219e+00,1.630525734948789163e+00,1.532682256624926742e+00,7.660037828944167293e-01,-2.500697608591626153e+00,8.846641854785701475e-02
-4.283871645777372339e-01,-4.747866191779331335e-01,-7.913094581802357919e-01,-2.510482226267174988e-01,-5.168406397002250907e-01,-5.401848615725044489e-01,1.958473211277540413e-02,-1.437801149683269331e-01,-5.388452055158744480e-01,-7.835154965530822802e-01,3.155180621313234401e-01,4.409530193723565916e-01,-4.021017325841816370e-01
-3.997841940915909387e-01,-4.747866191779331335e-01,-5.777052535474067607e-01,-2.510482226267174988e-01,-5.687291128067277768e-01,-7.417526796404899300e-03,-1.328021032067896900e+00,8.811282473114809832e-01,-5.388452055158744480e-01,-7.356354396398417927e-01,4.957123504365616995e-01,4.409530193723565916e-01,-8.765416157337969638e-01
-4.059374783399269382e-01,-4.747866191779331335e-01,-9.483941068023675480e-02,-2.510482226267174988e-01,-6.033214282110628268e-01,-7.510426457846800519e-01,1.738907356449134467e-01,3.521207690185853001e-01,-6.530226234350673398e-01,-7.954855107813924020e-01,4.522662967346843810e-02,3.581816987798793206e-01,7.241889815217040782e-01
-3.730745418357019338e-01,-4.747866191779331335e-01,-7.552073390873632608e-01,-2.510482226267174988e-01,-4.736002454448062782e-01,3.384581361896804363e+00,5.270800326184738038e-01,-3.760747277267247335e-01,-1.963129517582959949e-01,-6.159352973567405742e-01,-4.953562352422448134e-01,2.758535981102529511e-01,-1.080833010177824072e+00
-4.278110412273685159e-01,-4.747866191779331335e-01,2.170568562397513723e+00,-2.510482226267174988e-01,1.923018260886432407e-01,-6.287451309416181022e-01,7.102006662348808730e-02,-6.935290740312363145e-01,-8.813774592734530122e-01,-1.328151143941193046e+00,2.704694900550150827e-01,3.550791593199200125e-01,2.282447410621911699e-01
-4.306067933363152966e-01,-4.747866191779331335e-01,4.015647268467605335e-01,3.983298465677250988e+00,-7.578861829495273095e-02,-6.034421968361572963e-01,-3.987559885743545141e-01,-2.675309689855718265e-01,-5.388452055158744480e-01,-8.014705178955474629e-01,-9.458419560053380470e-01,3.955229772801002186e-01,1.126588205214917454e-01
-3.162367460748483627e-01,-4.747866191779331335e-01,-4.633818764199769680e-01,-2.510482226267174988e-01,-1.795655645079579921e-01,5.014525924356475484e-01,6.745279915491833034e-01,2.943338069694367842e-01,-6.530226234350673398e-01,-6.159352973567405742e-01,1.126392359504891694e+00,2.562411165240837674e-01,-9.297659625440378439e-02
-4.338220875531031417e-01,3.131177091018589209e+00,-1.063579606338982630e+00,-2.510482226267174988e-01,-1.122206159276088799e+00,2.793490597321545699e-01,-1.369169299676467055e+00,2.436440149089858398e+00,-6.530226234350673398e-01,-3.525949843339178380e-01,-2.701133748606981411e-01,3.914231929937257437e-01,-8.483171467645563846e-01
-4.210218697956380485e-01,1.434252992102578839e+00,-1.170381708655397368e+00,-2.510482226267174988e-01,-1.053021528467418477e+00,3.355778021887350082e-01,-1.321162987466468541e+00,4.577228273620682630e-01,-5.388452055158744480e-01,-7.129964996862990512e-02,-1.486424820921049772e+00,2.851612164901296542e-01,-1.090241166500904413e+00
-5.791953058744779559e-02,-4.747866191779331335e-01,1.034856065934232738e+00,-2.510482226267174988e-01,8.322596610688424157e-01,-7.847798912586283482e-01,-6.662197280300603541e-01,-2.902668229065482053e-01,1.630525734948789163e+00,1.532682256624926742e+00,7.660037828944167293e-01,-2.515781100827772510e-01,1.959882050973450196e-01
-4.131246768996092444e-01,-4.747866191779331335e-01,-5.777052535474067607e-01,-2.510482226267174988e-01,-5.687291128067277768e-01,1.598629820119213674e-01,-1.814942198769310178e+00,8.811282473114809832e-01,-5.388452055158744480e-01,-7.356354396398417927e-01,4.957123504365616995e-01,4.052738155828284339e-01,-1.020352005243736926e+00
-4.281827722687889803e-01,-4.747866191779331335e-01,-1.317798694951293204e+00,-2.510482226267174988e-01,-6.119695070621465893e-01,2.035091542938876064e+00,5.373670995206162315e-01,-4.525589380661499961e-01,-7.672000413542601205e-01,-1.298226108370417631e+00,-3.151619469370064985e-01,4.261051519568387902e-01,-6.870344669403245508e-01
-3.964374194421463327e-01,-4.747866191779331335e-01,-7.552073390873632608e-01,-2.510482226267174988e-01,-4.476560088915549351e-01,2.712647889540669599e+00,9.502322272848742757e-02,1.609687736864670897e-03,-1.963129517582959949e-01,-6.159352973567405742e-01,-4.953562352422448134e-01,2.420580789928422905e-01,-1.172226528744888752e+00
4.527831094081554930e+00,-4.747866191779331335e-01,1.034856065934232738e+00,-2.510482226267174988e-01,1.160886657410024725e+00,-1.105283723261137219e+00,6.093765678356142246e-01,-1.017764289049021276e+00,1.630525734948789163e+00,1.532682256624926742e+00,7.660037828944167293e-01,-3.063157705549110488e-01,1.976817794823238161e+00
1.265562504535422628e+00,-4.747866191779331335e-01,1.034856065934232738e+00,-2.510482226267174988e-01,1.160886657410024725e+00,3.615974860744445435e-02,1.110013823739884220e+00,-1.034367445530787188e+00,1.630525734948789163e+00,1.532682256624926742e+00,7.660037828944167293e-01,4.409530193723565916e-01,1.027938028524007619e+00
-8.655835937340955466e-02,-4.747866191779331335e-01,1.257485800340279569e+00,-2.510482226267174988e-01,3.998557185146537907e-01,-3.040241432548667078e-01,8.699822626898916500e-01,-6.807152265363000110e-01,-5.388452055158744480e-01,-4.137461439785458661e-02,-1.711667681302596389e+00,-1.295804248320406193e+00,-3.846294422698897097e-01
-3.897582134631832895e-01,-4.747866191779331335e-01,2.170568562397513723e+00,-2.510482226267174988e-01,1.923018260886432407e-01,-9.900148012251465124e-01,9.591368425084600968e-01,-9.430750145454627198e-01,-8.813774592734530122e-01,-1.328151143941193046e+00,2.704694900550150827e-01,2.421548691143572338e-02,1.960689526840815322e+00
2.489749236599806959e-01,-4.747866191779331335e-01,1.034856065934232738e+00,-2.510482226267174988e-01,-2.314540376144606226e-01,1.045465675703061814e+00,3.213386945756230295e-01,-1.187008725949691146e-01,1.630525734948789163e+00,1.532682256624926742e+00,7.660037828944167293e-01,4.230026124968794821e-01,-7.609556951930974700e-01
-3.703086716432680836e-01,3.736754302800721073e-01,-1.090656195658637140e+00,-2.510482226267174988e-01,7.630750302601722046e-01,1.249294867108166285e+00,8.219759504798929139e-01,-8.568682350950936888e-01,-5.388452055158744480e-01,-8.732906032654081940e-01,-2.477493406599854620e+00,3.411177317501046247e-01,-6.144572610194202200e-01
-4.337252701436013491e-01,2.676176740978214452e-01,-1.480258230869219815e+00,-2.510482226267174988e-01,-1.233766376455069036e+00,1.105911573843886053e+00,-2.787402080493582290e-01,2.779272893740372119e+00,-7.672000413542601205e-01,-1.160570944744851118e+00,4.522662967346843810e-02,4.003983964314642985e-01,-6.211773726787630512e-01
6.148443283372654333e-01,-4.747866191779331335e-01,1.034856065934232738e+00,-2.510482226267174988e-01,2.182460626418945560e-01,-1.057489292173042994e+00,1.018812673299153981e-01,-7.903558905104826060e-01,1.630525734948789163e+00,1.532682256624926742e+00,7.660037828944167293e-01,-3.916452847159345829e+00,6.032269716535303417e-01
-4.014480192030291383e-01,-4.747866191779331335e-01,-9.483941068023675480e-02,-2.510482226267174988e-01,-6.033214282110628268e-01,-1.272564232069463452e+00,-1.982964291504305088e+00,-3.049971999363720182e-02,-6.530226234350673398e-01,-7.954855107813924020e-01,4.522662967346843810e-02,-9.057847310704741917e-02,2.268470640838724517e+00
7.552200099015774493e-01,-4.747866191779331335e-01,1.034856065934232738e+00,-2.510482226267174988e-01,1.567346363410962118e+00,2.357717843283052284e-01,1.110013823739884220e+00,-8.327861792972172106e-01,1.630525734948789163e+00,1.532682256624926742e+00,7.660037828944167293e-01,3.282643539874176564e-01,8.303667457393237861e-01
1.964643964971375611e+00,-4.747866191779331335e-01,1.034856065934232738e+00,-2.510482226267174988e-01,1.221423209367611173e+00,-2.740134410186210623e+00,8.082598612770365287e-01,-1.101478102060687192e+00,1.630525734948789163e+00,1.532682256624926742e+00,7.660037828944167293e-01,-7.897579014049508350e-01,2.413625052680532956e+00
-4.321056702686022488e-01,-4.747866191779331335e-01,-9.071370902698684402e-01,-2.510482226267174988e-01,-3.784713780828847796e-01,-3.630643228342758655e-01,-1.039983158807906038e+00,5.801274795024130571e-01,-5.388452055158744480e-01,-1.112690887831610631e+00,7.660037828944167293e-01,4.325318408381822466e-01,-5.593523454128076500e-01
4.066629923752054787e-01,-4.747866191779331335e-01,1.034856065934232738e+00,-2.510482226267174988e-01,4.776884281744077088e-01,-3.012127061320380439e-01,5.990895009334713528e-01,-8.111472306092704088e-01,1.630525734948789163e+00,1.532682256624926742e+00,7.660037828944167293e-01,-3.928973809979894316e+00,1.427112661088981271e+00
-4.280919312425897627e-01,-4.747866191779331335e-01,-1.078622155961012963e+00,-2.510482226267174988e-01,-4.217117723383036476e-01,3.215206165745901901e-01,-1.184002095437901358e+00,-2.574593845732094377e-01,-5.388452055158744480e-01,-6.817703756124462444e-01,-8.557448118527181125e-01,3.751348608289407083e-01,-9.867514469470221039e-01
4.148043887969222077e+00,-4.747866191779331335e-01,1.034856065934232738e+00,-2.510482226267174988e-01,1.160886657410024725e+00,-1.214929771051468155e+00,1.110013823739884220e+00,-1.076498578344877277e+00,1.630525734948789163e+00,1.532682256624926742e+00,7.660037828944167293e-01,4.409530193723565916e-01,2.408248963353058603e+00
8.589293846279025813e-01,-4.747866191779331335e-01,1.034856065934232738e+00,-2.510482226267174988e-01,1.039813553494852938e+00,6.532701970684140491e-01,7.945437720741795884e-01,-9.120126527192163879e-01,1.630525734948789163e+00,1.532682256624926742e+00,7.660037828944167293e-01,-3.717890321721969649e+00,1.763118244056131045e+00
-4.194261754538493037e-01,-4.747866191779331335e-01,-1.078622155961012963e+00,-2.510482226267174988e-01,-4.217117723383036476e-01,-1.047649262243141921e+00,7.156762591577535693e-01,-5.248051054597793197e-01,-5.388452055158744480e-01,-6.817703756124462444e-01,-8.557448118527181125e-01,4.409530193723565916e-01,2.712534556819863885e-01
-4.319144260029196825e-01,1.010021967373575968e+00,-7.762669085582056816e-01,-2.510482226267174988e-01,-1.045238257501442947e+00,-4.024244425538827663e-01,-1.520046280907890957e+00,1.491805306136305243e+00,-9.955548771926457929e-01,-6.338903186992057570e-01,-7.205990956237914302e-01,5.701376120243063783e-02,-6.507458639798723299e-01
-2.701540497053171452e-01,-4.747866191779331335e-01,-4.633818764199769680e-01,-2.510482226267174988e-01,-1.795655645079579921e-01,-5.162876460284573366e-01,4.927898096113319526e-01,1.701840783219996101e-01,-6.530226234350673398e-01,-6.159352973567405742e-01,1.126392359504891694e+00,-1.379572813739299075e+00,2.021170531774902024e+00
-2.741307351548536442e-01,-4.747866191779331335e-01,-4.633818764199769680e-01,-2.510482226267174988e-01,-1.795655645079579921e-01,-3.447899815358873576e-01,1.110013823739884220e+00,2.624238365540311757e-01,-6.530226234350673398e-01,-6.159352973567405742e-01,1.126392359504891694e+00,2.174593732745962460e-01,4.948977092366751984e-02
-3.672941839054469360e-01,-4.747866191779331335e-01,-7.552073390873632608e-01,-2.510482226267174988e-01,-4.476560088915549351e-01,2.839162560067975072e+00,1.944648694491983298e-01,9.459733590050756202e-02,-1.963129517582959949e-01,-6.159352973567405742e-01,-4.953562352422448134e-01,3.191783455689664040e-01,-1.371141833861441173e+00
-3.965593376615189625e-01,-4.747866191779331335e-01,-7.552073390873632608e-01,-2.510482226267174988e-01,-4.476560088915549351e-01,-3.251099216760839350e-01,-2.101597620350746654e-01,1.609687736864670897e-03,-1.963129517582959949e-01,-6.159352973567405742e-01,-4.953562352422448134e-01,2.176809832360216967e-01,-2.408190527599496089e-01
1.774989417247312629e+00,-4.747866191779331335e-01,1.034856065934232738e+00,-2.510482226267174988e-01,9.446846861329314393e-01,-3.063449679311548213e+00,1.110013823739884220e+00,-1.252302571602252446e+00,1.630525734948789163e+00,1.532682256624926742e+00,7.660037828944167293e-01,4.409530193723565916e-01,3.400137444272084419e+00
4.809613895928758209e-01,-4.747866191779331335e-01,1.034856065934232738e+00,-2.510482226267174988e-01,1.160886657410024725e+00,-8.016485139956031070e-01,1.072294578432028356e+00,-1.004800863567762992e+00,1.630525734948789163e+00,1.532682256624926742e+00,7.660037828944167293e-01,3.988471267014849775e-01,9.741771352492638592e-01
4.489124364944621082e-01,-4.747866191779331335e-01,1.034856065934232738e+00,-2.510482226267174988e-01,3.306710877059835796e-01,-9.843919269794890736e-01,1.038004355424886560e+00,-1.093899484087028195e+00,1.630525734948789163e+00,1.532682256624926742e+00,7.660037828944167293e-01,-4.705287519713122757e-01,1.845103606300115384e+00
-4.266444512067049666e-01,1.434252992102578839e+00,-1.170381708655397368e+00,-2.510482226267174988e-01,-1.053021528467418477e+00,6.532701970684140491e-01,-9.096803113807671037e-01,6.976739017102016882e-02,-5.388452055158744480e-01,-7.129964996862990512e-02,-1.486424820921049772e+00,4.073791102163720201e-01,-8.053084321447612215e-01
-4.250870057180526906e-01,-4.747866191779331335e-01,-1.078622155961012963e+00,-2.510482226267174988e-01,-4.217117723383036476e-01,1.387772035907041679e-01,5.647992779263295571e-01,-4.997757224151954669e-01,-5.388452055158744480e-01,-6.817703756124462444e-01,-8.557448118527181125e-01,4.254403220725618273e-01,-4.881191618237720187e-01
5.383012015511461357e-01,-4.747866191779331335e-01,1.034856065934232738e+00,-2.510482226267174988e-01,1.221423209367611173e+00,-1.303490040420583140e+00,1.072294578432028356e+00,-9.575840792187174655e-01,1.630525734948789163e+00,1.532682256624926742e+00,7.660037828944167293e-01,4.409530193723565916e-01,1.099171212113043472e+00
2.597312183279635867e-01,-4.747866191779331335e-01,1.034856065934232738e+00,-2.510482226267174988e-01,1.333848234431700197e+00,2.751319040479108802e-01,7.636825713677523053e-01,-4.223441848290628298e-01,1.630525734948789163e+00,1.532682256624926742e+00,7.660037828944167293e-01,4.068250853128077549e-01,-3.201163703401971872e-01
-4.241044883031085955e-01,9.675988649006757036e-01,-7.717541436715965597e-01,-2.510482226267174988e-01,-1.087613843871753527e+00,9.344139093513160743e-01,-1.712071529747884790e+00,9.189216185222269795e-01,-3.104903696774888311e-01,-4.842651408453291784e-01,-1.080987672234264840e+00,3.692621968511614616e-01,-1.049920496544846094e+00
-4.151339369659365341e-01,-4.747866191779331335e-01,-7.913094581802357919e-01,-2.510482226267174988e-01,-5.168406397002250907e-01,-4.937961490458251390e-01,-1.283443742158612455e+00,9.903481616139996058e-02,-5.388452055158744480e-01,-7.835154965530822802e-01,3.155180621313234401e-01,4.025036910650078847e-01,-3.416207276500945467e-01
-3.450225938900535194e-01,3.736754302800721073e-01,-1.090656195658637140e+00,-2.510482226267174988e-01,7.630750302601722046e-01,-1.064517884980116680e+00,-1.655824721257904419e-01,-8.287475736665174120e-01,-5.388452055158744480e-01,-8.732906032654081940e-01,-2.477493406599854620e+00,3.910907780515869847e-01,-2.986120130302995501e-01
1.723588849975699611e-01,-4.747866191779331335e-01,1.034856065934232738e+00,-2.510482226267174988e-01,1.333848234431700197e+00,-2.850330521762333563e-02,8.288339950813213841e-01,-6.384345157358876088e-01,1.630525734948789163e+00,1.532682256624926742e+00,7.660037828944167293e-01,3.100923371505144854e-01,6.180112173040849255e-01
-3.598033850739935646e-01,-4.747866191779331335e-01,-4.633818764199769680e-01,-2.510482226267174988e-01,-1.795655645079579921e-01,-3.110527360619391168e-01,5.785153671291863864e-01,4.054702508068416256e-01,-6.530226234350673398e-01,-6.159352973567405742e-01,1.126392359504891694e+00,2.539142119291141197e-01,-3.241484373358028970e-01
-4.309247369280124751e-01,7.130602500632742258e-01,5.745540475001078562e-01,-2.510482226267174988e-01,-8.195233994881566675e-01,-9.597779616551982418e-02,3.316257614777654572e-01,-1.678840458076746520e-02,-6.530226234350673398e-01,-8.373805605804778285e-01,-1.349676586317698490e-01,4.409530193723565916e-01,-2.797957003841390899e-01
-3.100834618265123632e-01,-4.747866191779331335e-01,-4.633818764199769680e-01,-2.510482226267174988e-01,-1.795655645079579921e-01,-5.373734244496757295e-01,-1.314304942865040404e+00,4.237686244669255919e-01,-6.530226234350673398e-01,-6.159352973567405742e-01,1.126392359504891694e+00,3.295940137559715821e-01,-8.187486554634472169e-01
1.966086578861172274e-01,-4.747866191779331335e-01,1.034856065934232738e+00,-2.510482226267174988e-01,1.221423209367611173e+00,-3.743100713255919088e-01,5.099349211149029060e-01,-7.383526105991262689e-01,1.630525734948789163e+00,1.532682256624926742e+00,7.660037828944167293e-01,2.357421950922115317e-01,8.182705447525063791e-01
-4.345021999729367090e-01,1.010021967373575968e+00,-1.459198661398377617e+00,-2.510482226267174988e-01,-1.009781134211999554e+00,1.298495016757673204e+00,-6.285004827222046009e-01,1.689846560026916134e+00,-9.955548771926457929e-01,-7.535904609823069755e-01,-1.351279104692121313e+00,4.170191435383875378e-01,-9.652470896371244669e-01
-4.276747796880697172e-01,-4.747866191779331335e-01,4.015647268467605335e-01,-2.510482226267174988e-01,-7.578861829495273095e-02,4.564695984703832088e-01,5.990895009334713528e-01,-1.134656430736916549e-01,-5.388452055158744480e-01,-8.014705178955474629e-01,-9.458419560053380470e-01,3.953013673186741017e-01,-4.007577102523130486e-01
-4.309211510980309745e-01,1.752426260649330825e+00,-8.875817757612292080e-01,-2.510482226267174988e-01,-1.329760051702098655e+00,3.482292692414660773e-01,-1.533762370110747675e+00,1.829103665292897141e+00,-4.246677875966816673e-01,-6.997253969549114272e-01,-8.557448118527181125e-01,1.619460779374728154e-01,-4.249501122259478070e-01
2.989103637932975399e+00,-4.747866191779331335e-01,1.034856065934232738e+00,-2.510482226267174988e-01,3.306710877059835796e-01,-1.633833902352991974e+00,1.110013823739884220e+00,-1.026738968228354310e+00,1.630525734948789163e+00,1.532682256624926742e+00,7.660037828944167293e-01,-1.619243987021131703e+00,9.956814925591609411e-01
-4.153419151048663438e-01,-4.747866191779331335e-01,-2.302223572785087602e-01,-2.510482226267174988e-01,2.268941414929783462e-01,-8.578772564521834898e-01,-4.673364345886380500e-01,-6.317035063513879445e-01,-4.246677875966816673e-01,-1.131946997677153316e-01,3.155180621313234401e-01,4.409530193723565916e-01,-8.894452925879807459e-02
-4.293087228829949864e-01,-4.747866191779331335e-01,2.421137008532401602e-01,-2.510482226267174988e-01,-1.053021528467418477e+00,-1.198750117095657292e-01,-4.776235014907805332e-01,6.807934642972629513e-01,-5.388452055158744480e-01,-7.129964996862990512e-02,9.027520174977680945e-02,3.246077896238940830e-01,-4.459179230713430225e-02
-4.313574270791192822e-01,-4.747866191779331335e-01,-1.174894473542006379e+00,-2.510482226267174988e-01,-6.033214282110628268e-01,1.233142994151444072e-01,2.150390032534836848e-01,-2.775028347403860618e-01,-8.813774592734530122e-01,-8.373805605804778285e-01,-3.151619469370064985e-01,4.038333508335618105e-01,-6.010170377007343356e-01
2.264921367626187898e+00,-4.747866191779331335e-01,1.034856065934232738e+00,-2.510482226267174988e-01,1.221423209367611173e+00,-1.851720279372241151e+00,7.499664821648953650e-01,-1.062139091657944956e+00,1.630525734948789163e+00,1.532682256624926742e+00,7.660037828944167293e-01,4.409530193723565916e-01,2.596412089814662316e+00
-4.240949260898244644e-01,-4.747866191779331335e-01,-1.317798694951293204e+00,-2.510482226267174988e-01,-6.119695070621465893e-01,3.454178321186360812e-01,9.591368425084600968e-01,-3.997080495656345489e-01,-7.672000413542601205e-01,-1.298226108370417631e+00,-3.151619469370064985e-01,4.409530193723565916e-01,-9.397106653316211755e-01
1.019906026523149656e+01,-4.747866191779331335e-01,1.034856065934232738e+00,-2.510482226267174988e-01,9.706289226861827268e-01,9.147338494915125962e-01,8.322630173820358968e-01,-1.112945747678723452e+00,1.630525734948789163e+00,1.532682256624926742e+00,7.660037828944167293e-01,4.409530193723565916e-01,6.099470833128735059e-01
-4.021209599628995934e-01,-4.747866191779331335e-01,-5.777052535474067607e-01,-2.510482226267174988e-01,-5.687291128067277768e-01,-8.564715378907684640e-01,2.287550924563400978e-01,5.347056309892341819e-01,-5.388452055158744480e-01,-7.356354396398417927e-01,4.957123504365616995e-01,3.770185455010588438e-01,-1.252331322192501983e-01
-3.669296245239895837e-01,3.736754302800721073e-01,-1.090656195658637140e+00,-2.510482226267174988e-01,1.404133529821406101e-01,2.782933817611396243e+00,-2.156353549579483747e-02,-6.118096341705334673e-01,-5.388452055158744480e-01,-8.732906032654081940e-01,-2.477493406599854620e+00,3.039980632113097880e-01,-7.031627349227476120e-01
-4.252184861507094515e-01,1.434252992102578839e+00,-1.170381708655397368e+00,-2.510482226267174988e-01,-1.053021528467418477e+00,8.908366339474654838e-01,-1.581768682320746189e+00,1.411581646138824864e+00,-5.388452055158744480e-01,-7.129964996862990512e-02,-1.486424820921049772e+00,2.279858464423141495e-01,-1.017663960579999971e+00
-4.234183994999724532e-01,-4.747866191779331335e-01,2.484957849497945404e+00,-2.510482226267174988e-01,4.344480339189888962e-01,-4.698989335017792479e-01,1.068865556131313843e+00,-8.877810189350177072e-01,-6.530226234350673398e-01,1.802007576761904595e+00,7.209552108181083163e-01,3.657164374683512520e-01,7.255330038535728887e-01
-4.045461763070864469e-01,-4.747866191779331335e-01,-4.002031680074500941e-01,-2.510482226267174988e-01,-3.352309838274659115e-01,-1.240921673938094050e-01,8.082598612770365287e-01,-5.502333631345555087e-01,-5.388452055158744480e-01,-1.550897495668007720e-01,1.081343787428581615e+00,3.781265953081873188e-01,3.868393762226860488e-01
-2.078467529853888010e-02,-4.747866191779331335e-01,1.034856065934232738e+00,3.983298465677250988e+00,1.377088628687119121e+00,3.461895882774602029e+00,5.236510103177597353e-01,-8.695325046037076788e-01,1.630525734948789163e+00,1.532682256624926742e+00,7.660037828944167293e-01,-2.830607394644173158e-02,-9.921275362744964577e-01
6.376549881265514141e-01,-4.747866191779331335e-01,1.034856065934232738e+00,3.983298465677250988e+00,1.826788728943475215e+00,-1.479893829378565451e-01,1.020859243921315773e+00,-7.610884645201028142e-01,1.630525734948789163e+00,1.532682256624926742e+00,7.660037828944167293e-01,2.285398713458783870e-01,6.623639542557488991e-01
-3.693871133380102756e-01,-4.747866191779331335e-01,1.604968696609177847e+00,-2.510482226267174988e-01,5.641692166852454449e-01,2.491400011612836946e-02,1.048291422327028988e+00,-7.668222873291209440e-01,-6.530226234350673398e-01,1.621156274834175126e-01,1.216489503657510074e+00,4.162435086733978773e-01,5.763465250161584619e-01
-4.131880265626166060e-01,4.585216352258726369e-01,-8.063520078022660131e-01,-2.510482226267174988e-01,-1.104910001573921052e+00,-1.001260549716462611e+00,8.816517812705898516e-02,2.147056604885149600e+00,-3.104903696774888311e-01,-4.782801337311741174e-01,2.704694900550150827e-01,3.548575493584945617e-01,7.779498747964482819e-01
2.416622210509442037e-01,-4.747866191779331335e-01,1.034856065934232738e+00,3.983298465677250988e+00,6.247057686428318934e-01,5.141040594883773407e-01,1.000285110117030252e+00,-1.142761626285617949e+00,1.630525734948789163e+00,1.532682256624926742e+00,7.660037828944167293e-01,2.019466759748008711e-01,-1.201795020045997919e+00
-4.293111134363160053e-01,1.222137479738077293e+00,-7.236179848810998516e-01,3.983298465677250988e+00,-9.665407399565808522e-01,6.195329515944657528e-01,-1.190860140039329718e+00,2.138608503280860773e-01,-6.530226234350673398e-01,-9.331406744069588033e-01,-4.052590910896248788e-01,4.409530193723565916e-01,-1.228675466683369910e+00
-1.529416345451433401e-01,-4.747866191779331335e-01,1.257485800340279569e+00,-2.510482226267174988e-01,2.700244692902935117e+00,-1.955743452916914649e+00,9.625658648091744984e-01,-1.090858065031809820e+00,-5.388452055158744480e-01,-4.137461439785458661e-02,-1.711667681302596389e+00,3.834452343824023002e-01,2.265782596174987340e+00
-4.202054958365056270e-01,-4.747866191779331335e-01,-4.002031680074500941e-01,-2.510482226267174988e-01,-3.352309838274659115e-01,-6.554537836084940450e-01,9.968560878163162942e-01,-7.687169418225356932e-01,-5.388452055158744480e-01,-1.550897495668007720e-01,1.081343787428581615e+00,4.093735998692028533e-01,5.104894307545968513e-01
-4.262571815686978516e-01,-4.747866191779331335e-01,4.060774917333694889e-01,-2.510482226267174988e-01,-1.053021528467418477e+00,-4.333502509050010665e-01,-8.685320437721970599e-01,9.244061446873748089e-01,-6.530226234350673398e-01,-7.236654254115316709e-01,-1.126036244310574697e+00,4.409530193723565916e-01,-3.053321246896424368e-01
-3.952875632947300266e-01,-4.747866191779331335e-01,-5.777052535474067607e-01,-2.510482226267174988e-01,-5.687291128067277768e-01,1.373714850292891976e-01,-9.439705343879088995e-01,5.347056309892341819e-01,-5.388452055158744480e-01,-7.356354396398417927e-01,4.957123504365616995e-01,4.409530193723565916e-01,-8.805736827294027291e-01
-3.567494532063753554e-01,3.736754302800721073e-01,-1.090656195658637140e+00,-2.510482226267174988e-01,7.630750302601722046e-01,1.427821124407808728e+00,1.110013823739884220e+00,-8.745682968098889010e-01,-5.388452055158744480e-01,-8.732906032654081940e-01,-2.477493406599854620e+00,2.901474406222071534e-01,-6.561219533073467947e-01
-4.314303389554107748e-01,1.752426260649330825e+00,-8.875817757612292080e-01,-2.510482226267174988e-01,-1.329760051702098655e+00,-1.522065386221002348e-01,-1.245724496850756813e+00,1.829103665292897141e+00,-4.246677875966816673e-01,-6.997253969549114272e-01,-8.557448118527181125e-01,4.409530193723565916e-01,-7.434834048788057093e-01
-9.918287146177882929e-02,-4.747866191779331335e-01,1.034856065934232738e+00,-2.510482226267174988e-01,-2.314540376144606226e-01,-7.805627355743859352e-01,-9.371124897864806513e-01,2.241817313843186832e-01,1.630525734948789163e+00,1.532682256624926742e+00,7.660037828944167293e-01,3.968526370486540888e-01,-3.026440800259052599e-01
-4.291485558104858877e-01,-4.747866191779331335e-01,-1.317798694951293204e+00,-2.510482226267174988e-01,-6.119695070621465893e-01,9.316024722284873549e-01,-3.164594533572142598e-01,-4.086827287449673052e-01,-7.672000413542601205e-01,-1.298226108370417631e+00,-3.151619469370064985e-01,4.409530193723565916e-01,-1.025728094571211502e+00
2.255127530512675976e-02,-4.747866191779331335e-01,1.034856065934232738e+00,-2.510482226267174988e-01,1.826788728943475215e+00,-9.316635904268986967e-02,8.048308389763220161e-01,-6.746822477546372543e-01,1.630525734948789163e+00,1.532682256624926742e+00,7.660037828944167293e-01,-7.152001642444245910e-02,2.040523390885564392e-01
-1.680331976608174793e-01,-4.747866191779331335e-01,1.257485800340279569e+00,-2.510482226267174988e-01,3.998557185146537907e-01,-6.512366279242502998e-01,8.288339950813213841e-01,-6.116101968554371604e-01,-5.388452055158744480e-01,-4.137461439785458661e-02,-1.711667681302596389e+00,4.211189278247619572e-01,-1.386733555379361382e-01
-4.231566339113194686e-01,-4.747866191779331335e-01,-4.002031680074500941e-01,-2.510482226267174988e-01,-3.352309838274659115e-01,-1.718865984819024362e-01,-4.536203453857813872e-01,-4.342107050772918142e-01,-5.388452055158744480e-01,-1.550897495668007720e-01,1.081343787428581615e+00,4.031685209492848476e-01,4.411368159619323548e-02
1.277216451975452971e+00,-4.747866191779331335e-01,1.034856065934232738e+00,-2.510482226267174988e-01,1.221423209367611173e+00,-2.020406506741982522e+00,1.110013823739884220e+00,-1.026689108899580205e+00,1.630525734948789163e+00,1.532682256624926742e+00,7.660037828944167293e-01,1.752426756230112681e-01,2.412281030348664590e+00
-4.342189194043944434e-01,3.343292603383090533e+00,-1.123749804827103516e+00,-2.510482226267174988e-01,-1.424888919064020154e+00,1.597913070338963681e+00,-1.146282850130045272e+00,1.339933790690484461e+00,-7.672000413542601205e-01,-9.929907455485094125e-01,-1.171084816386883887e+00,3.239429597396171756e-01,-1.285124404621851069e+00
-3.919276406020197889e-01,-4.747866191779331335e-01,-1.986330030722451845e-01,-2.510482226267174988e-01,-1.276770914014553615e-01,3.510407063642947412e-01,6.745279915491833034e-01,-2.312053933507458858e-02,-6.530226234350673398e-01,-6.338903186992057570e-01,-4.487051447915150343e-02,4.275456167061054136e-01,-4.558626258589256186e-01
-4.324893540766278632e-01,-4.747866191779331335e-01,-1.359917833892978045e+00,-2.510482226267174988e-01,-8.714118725946593536e-01,1.584572634505063693e-01,-3.061723864550715546e-01,1.203369089178303319e+00,-7.672000413542601205e-01,-1.124660902059920753e+00,9.027520174977680945e-02,4.101492347341925693e-01,-1.002879714929445276e+00
3.593898004518003564e-01,-4.747866191779331335e-01,1.034856065934232738e+00,-2.510482226267174988e-01,1.333848234431700197e+00,-3.889339893325041556e-04,5.270800326184738038e-01,-4.558496537652387826e-01,1.630525734948789163e+00,1.532682256624926742e+00,7.660037828944167293e-01,4.409530193723565916e-01,1.771718924511845594e-01
-1.038014204780123850e-01,-4.747866191779331335e-01,1.257485800340279569e+00,-2.510482226267174988e-01,2.700244692902935117e+00,-1.988074979829449251e+00,1.034575333124172047e+00,-1.148146433793217458e+00,-5.388452055158744480e-01,-4.137461439785458661e-02,-1.711667681302596389e+00,4.409530193723565916e-01,2.233526060210140773e+00
-4.107640054950903452e-01,-4.747866191779331335e-01,-4.002031680074500941e-01,-2.510482226267174988e-01,-3.352309838274659115e-01,-2.534182750439449849e-01,6.779570138498978160e-01,-4.656719415337307044e-01,-5.388452055158744480e-01,-1.550897495668007720e-01,1.081343787428581615e+00,4.140274090591415379e-01,1.032506641984115153e-01
-4.152044582889070079e-01,-4.747866191779331335e-01,-9.483941068023675480e-02,3.983298465677250988e+00,-6.033214282110628268e-01,-5.022304604143125184e-01,8.391210619834638118e-01,1.138928961360730907e-01,-6.530226234350673398e-01,-7.954855107813924020e-01,4.522662967346843810e-02,4.005092014121770516e-01,6.180112173040849255e-01
1.573417961217906225e+00,-4.747866191779331335e-01,1.034856065934232738e+00,-2.510482226267174988e-01,1.221423209367611173e+00,-1.462336237860421884e+00,1.044862400026314475e+00,-1.108159252116412530e+00,1.630525734948789163e+00,1.532682256624926742e+00,7.660037828944167293e-01,4.409530193723565916e-01,2.437817454654167548e+00
-4.026409053102240065e-01,-4.747866191779331335e-01,-2.302223572785087602e-01,-2.510482226267174988e-01,2.268941414929783462e-01,-5.500248915024055218e-01,-8.582449768700544102e-01,-6.317035063513879445e-01,-4.246677875966816673e-01,-1.131946997677153316e-01,3.155180621313234401e-01,4.409530193723565916e-01,1.234109991764405501e-01
-4.208246491466529071e-01,-4.747866191779331335e-01,-6.484052367709487452e-01,-2.510482226267174988e-01,-9.578926611054969786e-01,6.364015743314392903e-01,-2.219566830253583145e+00,1.033199200072398405e+00,-7.672000413542601205e-01,-1.058825823804215194e+00,-2.701133748606981411e-01,3.136380965333253057e-01,-1.052608541208583492e+00
3.591796916023055983e-03,-4.747866191779331335e-01,1.034856065934232738e+00,-2.510482226267174988e-01,1.826788728943475215e+00,-1.342850160140188764e+00,9.797109763127453963e-01,-7.703622996720799199e-01,1.630525734948789163e+00,1.532682256624926742e+00,7.660037828944167293e-01,2.624461954440017730e-01,-3.335565936588831271e-01
-3.939440723283101353e-01,-4.747866191779331335e-01,1.604968696609177847e+00,-2.510482226267174988e-01,5.641692166852454449e-01,1.921945089244546379e-01,1.055149466928457569e+00,-8.969052761006727215e-01,-6.530226234350673398e-01,1.621156274834175126e-01,1.216489503657510074e+00,4.097060148113410571e-01,2.578132323633004486e-01
7.381215772728969560e-01,-4.747866191779331335e-01,1.034856065934232738e+00,-2.510482226267174988e-01,9.706289226861827268e-01,6.701388198053874756e-01,1.068865556131313843e+00,-1.142113455011555034e+00,1.630525734948789163e+00,1.532682256624926742e+00,7.660037828944167293e-01,4.409530193723565916e-01,1.151588083055918421e+00
-4.302972166812416566e-01,2.919061578654087885e+00,-1.140296609411336703e+00,-2.510482226267174988e-01,-1.442185076766187901e+00,-2.941841133249656348e-01,-1.221721340745757445e+00,2.777976551192246735e+00,-9.955548771926457929e-01,-5.680552404435000868e-01,-9.458419560053380470e-01,3.965202221065153299e-01,-8.200926777953158053e-01
-1.784691581837820895e-01,-4.747866191779331335e-01,1.257485800340279569e+00,-2.510482226267174988e-01,2.700244692902935117e+00,-9.689290228039293407e-01,1.110013823739884220e+00,-1.063036559575878170e+00,-5.388452055158744480e-01,-4.137461439785458661e-02,-1.711667681302596389e+00,-2.081300756593596812e+00,5.346818327282316652e-01
-4.158546887922276447e-01,-4.747866191779331335e-01,2.170568562397513723e+00,-2.510482226267174988e-01,1.923018260886432407e-01,-4.656817778175355582e-01,7.122472368570396117e-01,-8.255565766249769455e-01,-8.813774592734530122e-01,-1.328151143941193046e+00,2.704694900550150827e-01,3.093167022855248249e-01,2.873817236644096718e-01
-4.298561595935112556e-01,-4.747866191779331335e-01,-1.012434937624079989e+00,-2.510482226267174988e-01,-9.492445822544132161e-01,-4.249159395365149083e-01,-7.725194193521999209e-01,3.881690637222389162e-01,-7.672000413542601205e-01,-9.750357242060442298e-01,1.780575971584668195e-04,4.308697661274902280e-01,2.529736895003277877e-02
1.425669813211531523e+00,-4.747866191779331335e-01,1.034856065934232738e+00,-2.510482226267174988e-01,1.836537472375594782e-01,-5.500248915024055218e-01,1.155973565327723107e-01,-3.690944216983548798e-01,1.630525734948789163e+00,1.532682256624926742e+00,7.660037828944167293e-01,1.289261936850518431e-01,7.335971378447843083e-01
-3.008941748604658795e-01,-4.747866191779331335e-01,-4.633818764199769680e-01,-2.510482226267174988e-01,-1.795655645079579921e-01,-8.494429450836961104e-01,9.077015079977474032e-01,2.913422472429924026e-01,-6.530226234350673398e-01,-6.159352973567405742e-01,1.126392359504891694e+00,3.396632521416395600e-02,1.334375120190048225e+00
7.666659792026779829e-01,-4.747866191779331335e-01,1.034856065934232738e+00,-2.510482226267174988e-01,2.182460626418945560e-01,7.249618437005541649e-01,9.145595525991758734e-01,-7.780406363032870143e-01,1.630525734948789163e+00,1.532682256624926742e+00,7.660037828944167293e-01,-3.055719756982148816e+00,9.432646216162859920e-01
-4.317733833569788460e-01,2.919061578654087885e+00,-1.180911493390818467e+00,-2.510482226267174988e-01,-1.390296603659685104e+00,-3.834333514752443633e-02,-1.708642507447170944e+00,1.477246382134276725e+00,-6.530226234350673398e-01,-4.363850839320886910e-01,-1.080987672234264840e+00,4.409530193723565916e-01,-1.075456920850349496e+00
-4.318618338298570447e-01,3.555408115747591857e+00,-1.284705085782827050e+00,-2.510482226267174988e-01,-1.233766376455069036e+00,2.158794776343353039e+00,-1.180573073137187068e+00,7.325973068935230925e-01,-6.530226234350673398e-01,-1.112690887831610631e+00,-1.711667681302596389e+00,3.953013673186741017e-01,-1.191042841391048990e+00
-4.197512907055095388e-01,-4.747866191779331335e-01,-9.483941068023675480e-02,-2.510482226267174988e-01,-6.033214282110628268e-01,-5.992250411519135511e-01,-1.554336503915032752e+00,1.479468176887636377e-01,-6.530226234350673398e-01,-7.954855107813924020e-01,4.522662967346843810e-02,4.409530193723565916e-01,-2.421630750918184194e-01
-4.213924055603979757e-01,-4.747866191779331335e-01,-6.484052367709487452e-01,-2.510482226267174988e-01,-9.578926611054969786e-01,-3.490071372201310473e-01,-9.473995566886230790e-01,1.033199200072398405e+00,-7.672000413542601205e-01,-1.058825823804215194e+00,-2.701133748606981411e-01,3.577384788570278085e-01,-4.195740228984732867e-01
-3.218162975261367742e-01,-4.747866191779331335e-01,-4.633818764199769680e-01,-2.510482226267174988e-01,-1.795655645079579921e-01,-3.799329455712506243e-01,7.259633260598959970e-01,4.012322078610456866e-01,-6.530226234350673398e-01,-6.159352973567405742e-01,1.126392359504891694e+00,-5.620536660401026507e-01,6.193552396359537360e-01
-4.311410820035659341e-01,5.857909426445734313e-01,-9.567775040225681149e-01,-2.510482226267174988e-01,-1.148150395829339976e+00,5.759556761906163835e-01,-1.170286006235044640e+00,8.735496293378220978e-01,-6.530226234350673398e-01,-7.715454823247721583e-01,2.254209179787051154e-01,4.409530193723565916e-01,-9.921275362744964577e-01
1.378038038289971734e+00,-4.747866191779331335e-01,1.034856065934232738e+00,-2.510482226267174988e-01,1.567346363410962118e+00,-2.323324966227265365e-01,1.110013823739884220e+00,-8.647958683701709726e-01,1.630525734948789163e+00,1.532682256624926742e+00,7.660037828944167293e-01,-3.853626423095175557e+00,1.851823717959458548e+00
-4.095077697248880599e-01,-4.747866191779331335e-01,-1.820861984880120243e-01,-2.510482226267174988e-01,-1.017328548482040462e-01,-3.166756103075977768e-01,9.522787979070320707e-01,-5.487874426001074779e-01,-4.246677875966816673e-01,1.321905919126422080e-01,-3.151619469370064985e-01,4.409530193723565916e-01,5.938188153304501116e-01
7.492448218756583289e-01,-4.747866191779331335e-01,1.034856065934232738e+00,-2.510482226267174988e-01,1.160886657410024725e+00,-6.540480650470790192e-01,3.487708729813363551e-01,-1.071113770837277768e+00,1.630525734948789163e+00,1.532682256624926742e+00,7.660037828944167293e-01,-2.099154373347558722e-01,2.324919578777205231e+00
-4.336559440972914126e-01,3.555408115747591857e+00,-1.284705085782827050e+00,-2.510482226267174988e-01,-1.233766376455069036e+00,2.413229835959380232e+00,-1.225150363046471513e+00,7.325973068935230925e-01,-6.530226234350673398e-01,-1.112690887831610631e+00,-1.711667681302596389e+00,3.705918566197153874e-01,-1.316036918254828825e+00
-4.187795307805101119e-01,5.550216173332014197e-02,-5.039967603994586209e-01,-2.510482226267174988e-01,-3.006386684231308060e-01,-2.042181253944369557e-01,9.762819540120309947e-01,1.147676218937665693e+00,-5.388452055158744480e-01,-5.919952689001203305e-01,-1.486424820921049772e+00,4.409530193723565916e-01,8.706874156953813282e-01
-4.198170309218379748e-01,-4.747866191779331335e-01,-9.483941068023675480e-02,3.983298465677250988e+00,-6.033214282110628268e-01,-3.560357300272034564e-01,-2.924562972522148918e-01,2.944335256269851597e-01,-6.530226234350673398e-01,-7.954855107813924020e-01,4.522662967346843810e-02,2.683188594217810197e-01,2.672213886863806787e-01
-2.755507238275465287e-01,-4.747866191779331335e-01,1.257485800340279569e+00,-2.510482226267174988e-01,3.998557185146537907e-01,-3.532242929043747370e-01,1.110013823739884220e+00,-9.430251552166886153e-01,-5.388452055158744480e-01,-4.137461439785458661e-02,-1.711667681302596389e+00,-3.561920267348821917e-02,-8.389089904414762655e-01
-4.213206889607670202e-01,-4.747866191779331335e-01,-1.820861984880120243e-01,-2.510482226267174988e-01,-1.017328548482040462e-01,-5.682992328007940852e-01,8.665532403891776925e-01,-6.458136963944500764e-01,-4.246677875966816673e-01,1.321905919126422080e-01,-3.151619469370064985e-01,4.193460481333565748e-01,4.755448501260135519e-01
1.243390122482852300e+00,-4.747866191779331335e-01,1.034856065934232738e+00,-2.510482226267174988e-01,3.306710877059835796e-01,4.775553768916003805e-01,1.110013823739884220e+00,-1.057601892739504335e+00,1.630525734948789163e+00,1.532682256624926742e+00,7.660037828944167293e-01,-3.568525207721085835e+00,1.148900038392181244e+00
3.155410761607734815e-01,-4.747866191779331335e-01,1.034856065934232738e+00,-2.510482226267174988e-01,1.567346363410962118e+00,3.334831148461574191e-02,9.865690209141738665e-01,-7.861178475646865005e-01,1.630525734948789163e+00,1.532682256624926742e+00,7.660037828944167293e-01,-4.331874734710914332e-01,6.879003785612519684e-01
-3.807207266330223661e-01,-4.747866191779331335e-01,-7.552073390873632608e-01,-2.510482226267174988e-01,-4.736002454448062782e-01,1.538872890759554579e+00,3.179096722749090720e-01,1.138211617658266110e-02,-1.963129517582959949e-01,-6.159352973567405742e-01,-4.953562352422448134e-01,2.109218794125394258e-01,-9.975036256019708114e-01
-4.004153001683433688e-01,-4.747866191779331335e-01,-7.552073390873632608e-01,-2.510482226267174988e-01,-4.736002454448062782e-01,1.924039776587129991e+00,-1.736074685852884159e+00,-1.364009343097643268e-01,-1.963129517582959949e-01,-6.159352973567405742e-01,-4.953562352422448134e-01,2.261021617701960140e-01,-1.176258595740494517e+00
-4.108082307315293891e-01,5.550216173332014197e-02,-5.039967603994586209e-01,-2.510482226267174988e-01,-3.006386684231308060e-01,-9.647118671196855955e-01,1.110013823739884220e+00,1.213291095604343450e+00,-5.388452055158744480e-01,-5.919952689001203305e-01,-1.486424820921049772e+00,3.271563041802891814e-01,2.319543489449730878e+00
-4.127027442384471057e-01,-4.747866191779331335e-01,-6.174580151177017778e-02,-2.510482226267174988e-01,-1.260575420893428999e+00,-1.016006704111772491e-01,-2.106409094330015552e+00,8.170091505080255834e-01,-6.530226234350673398e-01,-6.279053115850506961e-01,3.155180621313234401e-01,2.223347924259603814e-01,-6.897225116040617277e-01
2.557644621786539396e+00,-4.747866191779331335e-01,1.034856065934232738e+00,-2.510482226267174988e-01,1.160886657410024725e+00,-4.642760592561205879e-01,1.110013823739884220e+00,-1.027038124200998714e+00,1.630525734948789163e+00,1.532682256624926742e+00,7.660037828944167293e-01,4.409530193723565916e-01,1.894832432579253823e+00
-4.204493322752508866e-01,-4.747866191779331335e-01,-1.820861984880120243e-01,-2.510482226267174988e-01,-1.017328548482040462e-01,-6.259336938187893828e-01,1.876068248477698597e-01,-5.839382693858277129e-01,-4.246677875966816673e-01,1.321905919126422080e-01,-3.151619469370064985e-01,-2.047076032412536162e-01,3.626469742490510684e-01
2.442643383408873992e-01,-4.747866191779331335e-01,1.034856065934232738e+00,-2.510482226267174988e-01,2.095979837908107934e-01,-2.857498019564782554e-01,4.173513189956199465e-01,-5.124120076365076132e-02,1.630525734948789163e+00,1.532682256624926742e+00,7.660037828944167293e-01,3.941933175115462928e-01,3.102301033061758417e-01
-4.260527892597495980e-01,1.434252992102578839e+00,-1.170381708655397368e+00,-2.510482226267174988e-01,-1.053021528467418477e+00,1.219774777318460623e+00,-9.851188019964790543e-01,4.577228273620682630e-01,-5.388452055158744480e-01,-7.129964996862990512e-02,-1.486424820921049772e+00,4.409530193723565916e-01,-9.786873129558105733e-01
-4.146629979616932582e-01,-4.747866191779331335e-01,-2.302223572785087602e-01,-2.510482226267174988e-01,2.268941414929783462e-01,-9.098888432245202385e-01,-1.331450054368611191e+00,-4.238399646922850206e-01,-4.246677875966816673e-01,-1.131946997677153316e-01,3.155180621313234401e-01,4.009524213350285637e-01,6.623639542557488991e-01
-4.086029452928774952e-01,-4.747866191779331335e-01,-9.483941068023675480e-02,-2.510482226267174988e-01,-6.033214282110628268e-01,1.226253306339730904e-02,-5.187717690993507436e-01,3.521207690185853001e-01,-6.530226234350673398e-01,-7.954855107813924020e-01,4.522662967346843810e-02,4.184596082876541612e-01,-2.287228517731322297e-01
-4.233168009838285673e-01,2.919061578654087885e+00,-1.400532717872459587e+00,-2.510482226267174988e-01,-1.260575420893428999e+00,-5.359677058882608147e-01,-1.650349128335029780e+00,3.458755826273414602e+00,-6.530226234350673398e-01,-4.543401052745538737e-01,1.576878080267984927e+00,2.098138296054115892e-01,-9.544949109821756483e-01
